schedule_id,duty_id,driver_id,driver_display_name,operator_not_assigned,duty_start,duty_end,sequence,event_type,event_label,event_scope,line_code,direction,start_time,end_time,duration_minutes,trip_id,trip_ids,trip_count,origin_id,destination_id,vehicle_id,from_vehicle_id,to_vehicle_id,sequence_in_duty,sequence_in_bundle,mandatory_rest_required,has_valid_mandatory_rest,issue_severity,issue_codes,issue_explanation,explanation
448,1,1,Operador não atribuído (D1),True,04:20,13:26,1,duty_start,Início de jornada,driver,,,04:20,04:20,0,,,0,1,1,,,,,,True,True,,,Aceitar com warning se os tempos estiverem aderentes a operacao real.,
448,1,1,Operador não atribuído (D1),True,04:20,13:26,2,pullout,Soltura,driver,,,04:20,04:30,10,,,0,1,1,,,,,,True,True,,,Aceitar com warning se os tempos estiverem aderentes a operacao real.,
448,1,1,Operador não atribuído (D1),True,04:20,13:26,3,commercial_trip,Viagem,trip,1042,IDA,04:30,04:43,13,5426,5426,1,1,2,1,,,1,1,True,True,,,Aceitar com warning se os tempos estiverem aderentes a operacao real.,Segmento operacional agrupado com 2 viagens reais.
448,1,1,Operador não atribuído (D1),True,04:20,13:26,3,commercial_trip,Viagem,trip,1042,VOLTA,04:43,04:52,9,5429,5429,1,2,1,1,,,2,2,True,True,,,Aceitar com warning se os tempos estiverem aderentes a operacao real.,Segmento operacional agrupado com 2 viagens reais.
448,1,1,Operador não atribuído (D1),True,04:20,13:26,4,driver_vehicle_change,Troca de veículo,driver,,,04:52,04:52,0,,,0,1,1,,1,6,,,True,True,,,Aceitar com warning se os tempos estiverem aderentes a operacao real.,Motorista troca de veículo entre blocos distintos da mesma jornada.
448,1,1,Operador não atribuído (D1),True,04:20,13:26,5,driver_vehicle_change,Troca de veículo,driver,,,04:52,04:52,0,,,0,1,1,,1,6,,,True,True,,,Aceitar com warning se os tempos estiverem aderentes a operacao real.,Motorista troca de veículo entre blocos distintos da mesma jornada.
448,1,1,Operador não atribuído (D1),True,04:20,13:26,6,normal_break,Intervalo normal,driver,,,04:52,05:04,12,,,0,1,1,,1,6,,,True,True,,,Aceitar com warning se os tempos estiverem aderentes a operacao real.,
448,1,1,Operador não atribuído (D1),True,04:20,13:26,7,commercial_trip,Viagem,trip,1048,IDA,05:04,05:16,12,5434,5434,1,1,2,6,,,3,1,True,True,,,Aceitar com warning se os tempos estiverem aderentes a operacao real.,Segmento operacional agrupado com 2 viagens reais.
448,1,1,Operador não atribuído (D1),True,04:20,13:26,7,commercial_trip,Viagem,trip,1048,VOLTA,05:16,05:22,6,5435,5435,1,2,1,6,,,4,2,True,True,,,Aceitar com warning se os tempos estiverem aderentes a operacao real.,Segmento operacional agrupado com 2 viagens reais.
448,1,1,Operador não atribuído (D1),True,04:20,13:26,8,normal_break,Intervalo normal,driver,,,05:22,05:40,18,,,0,1,1,,6,6,,,True,True,,,Aceitar com warning se os tempos estiverem aderentes a operacao real.,
448,1,1,Operador não atribuído (D1),True,04:20,13:26,9,commercial_trip,Viagem,trip,1067,IDA,05:40,06:16,36,5453,5453,1,1,2,6,,,5,1,True,True,,,Aceitar com warning se os tempos estiverem aderentes a operacao real.,Segmento operacional agrupado com 2 viagens reais.
448,1,1,Operador não atribuído (D1),True,04:20,13:26,9,commercial_trip,Viagem,trip,1067,VOLTA,06:16,06:42,26,5464,5464,1,2,1,6,,,6,2,True,True,,,Aceitar com warning se os tempos estiverem aderentes a operacao real.,Segmento operacional agrupado com 2 viagens reais.
448,1,1,Operador não atribuído (D1),True,04:20,13:26,10,driver_vehicle_change,Troca de veículo,driver,,,06:42,06:42,0,,,0,1,1,,6,2,,,True,True,,,Aceitar com warning se os tempos estiverem aderentes a operacao real.,Motorista troca de veículo entre blocos distintos da mesma jornada.
448,1,1,Operador não atribuído (D1),True,04:20,13:26,11,driver_vehicle_change,Troca de veículo,driver,,,06:42,06:42,0,,,0,1,1,,6,2,,,True,True,,,Aceitar com warning se os tempos estiverem aderentes a operacao real.,Motorista troca de veículo entre blocos distintos da mesma jornada.
448,1,1,Operador não atribuído (D1),True,04:20,13:26,12,normal_break,Intervalo normal,driver,,,06:42,06:59,17,,,0,1,1,,6,2,,,True,True,,,Aceitar com warning se os tempos estiverem aderentes a operacao real.,
448,1,1,Operador não atribuído (D1),True,04:20,13:26,13,commercial_trip,Viagem,trip,1048,IDA,06:59,07:10,11,5476,5476,1,1,2,2,,,7,1,True,True,,,Aceitar com warning se os tempos estiverem aderentes a operacao real.,Segmento operacional agrupado com 2 viagens reais.
448,1,1,Operador não atribuído (D1),True,04:20,13:26,13,commercial_trip,Viagem,trip,1048,VOLTA,07:10,07:19,9,5480,5480,1,2,1,2,,,8,2,True,True,,,Aceitar com warning se os tempos estiverem aderentes a operacao real.,Segmento operacional agrupado com 2 viagens reais.
448,1,1,Operador não atribuído (D1),True,04:20,13:26,14,driver_vehicle_change,Troca de veículo,driver,,,07:19,07:19,0,,,0,1,1,,2,8,,,True,True,,,Aceitar com warning se os tempos estiverem aderentes a operacao real.,Motorista troca de veículo entre blocos distintos da mesma jornada.
448,1,1,Operador não atribuído (D1),True,04:20,13:26,15,driver_vehicle_change,Troca de veículo,driver,,,07:19,07:19,0,,,0,1,1,,2,8,,,True,True,,,Aceitar com warning se os tempos estiverem aderentes a operacao real.,Motorista troca de veículo entre blocos distintos da mesma jornada.
448,1,1,Operador não atribuído (D1),True,04:20,13:26,16,normal_break,Intervalo normal,driver,,,07:19,07:40,21,,,0,1,1,,2,8,,,True,True,,,Aceitar com warning se os tempos estiverem aderentes a operacao real.,
448,1,1,Operador não atribuído (D1),True,04:20,13:26,17,commercial_trip,Viagem,trip,1067,IDA,07:40,08:32,52,5503,5503,1,1,2,8,,,9,1,True,True,,,Aceitar com warning se os tempos estiverem aderentes a operacao real.,Segmento operacional agrupado com 2 viagens reais.
448,1,1,Operador não atribuído (D1),True,04:20,13:26,17,commercial_trip,Viagem,trip,1067,VOLTA,08:32,08:59,27,5511,5511,1,2,1,8,,,10,2,True,True,,,Aceitar com warning se os tempos estiverem aderentes a operacao real.,Segmento operacional agrupado com 2 viagens reais.
448,1,1,Operador não atribuído (D1),True,04:20,13:26,18,driver_vehicle_change,Troca de veículo,driver,,,08:59,08:59,0,,,0,1,1,,8,7,,,True,True,,,Aceitar com warning se os tempos estiverem aderentes a operacao real.,Motorista troca de veículo entre blocos distintos da mesma jornada.
448,1,1,Operador não atribuído (D1),True,04:20,13:26,19,driver_vehicle_change,Troca de veículo,driver,,,08:59,08:59,0,,,0,1,1,,8,7,,,True,True,,,Aceitar com warning se os tempos estiverem aderentes a operacao real.,Motorista troca de veículo entre blocos distintos da mesma jornada.
448,1,1,Operador não atribuído (D1),True,04:20,13:26,20,normal_break,Intervalo normal,driver,,,08:59,09:11,12,,,0,1,1,,8,7,,,True,True,,,Aceitar com warning se os tempos estiverem aderentes a operacao real.,
448,1,1,Operador não atribuído (D1),True,04:20,13:26,21,commercial_trip,Viagem,trip,1048,IDA,09:11,09:23,12,5518,5518,1,1,2,7,,,11,1,True,True,,,Aceitar com warning se os tempos estiverem aderentes a operacao real.,Segmento operacional agrupado com 2 viagens reais.
448,1,1,Operador não atribuído (D1),True,04:20,13:26,21,commercial_trip,Viagem,trip,1048,VOLTA,09:23,09:31,8,5521,5521,1,2,1,7,,,12,2,True,True,,,Aceitar com warning se os tempos estiverem aderentes a operacao real.,Segmento operacional agrupado com 2 viagens reais.
448,1,1,Operador não atribuído (D1),True,04:20,13:26,22,driver_vehicle_change,Troca de veículo,driver,,,09:31,09:31,0,,,0,1,1,,7,11,,,True,True,,,Aceitar com warning se os tempos estiverem aderentes a operacao real.,Motorista troca de veículo entre blocos distintos da mesma jornada.
448,1,1,Operador não atribuído (D1),True,04:20,13:26,23,driver_vehicle_change,Troca de veículo,driver,,,09:31,09:31,0,,,0,1,1,,7,11,,,True,True,,,Aceitar com warning se os tempos estiverem aderentes a operacao real.,Motorista troca de veículo entre blocos distintos da mesma jornada.
448,1,1,Operador não atribuído (D1),True,04:20,13:26,24,normal_break,Intervalo normal,driver,,,09:31,10:05,34,,,0,1,1,,7,11,,,True,True,,,Aceitar com warning se os tempos estiverem aderentes a operacao real.,
448,1,1,Operador não atribuído (D1),True,04:20,13:26,25,commercial_trip,Viagem,trip,1067,IDA,10:05,10:48,43,5541,5541,1,1,2,11,,,13,1,True,True,,,Aceitar com warning se os tempos estiverem aderentes a operacao real.,Segmento operacional agrupado com 2 viagens reais.
448,1,1,Operador não atribuído (D1),True,04:20,13:26,25,commercial_trip,Viagem,trip,1067,VOLTA,10:48,11:14,26,5549,5549,1,2,1,11,,,14,2,True,True,,,Aceitar com warning se os tempos estiverem aderentes a operacao real.,Segmento operacional agrupado com 2 viagens reais.
448,1,1,Operador não atribuído (D1),True,04:20,13:26,26,driver_vehicle_change,Troca de veículo,driver,,,11:14,11:14,0,,,0,1,1,,11,12,,,True,True,,,Aceitar com warning se os tempos estiverem aderentes a operacao real.,Motorista troca de veículo entre blocos distintos da mesma jornada.
448,1,1,Operador não atribuído (D1),True,04:20,13:26,27,driver_vehicle_change,Troca de veículo,driver,,,11:14,11:14,0,,,0,1,1,,11,12,,,True,True,,,Aceitar com warning se os tempos estiverem aderentes a operacao real.,Motorista troca de veículo entre blocos distintos da mesma jornada.
448,1,1,Operador não atribuído (D1),True,04:20,13:26,28,mandatory_rest,Descanso obrigatório,driver,,,11:14,12:55,101,,,0,1,1,,11,12,,,True,True,,,Aceitar com warning se os tempos estiverem aderentes a operacao real.,
448,1,1,Operador não atribuído (D1),True,04:20,13:26,29,commercial_trip,Viagem,trip,1042,IDA,12:55,13:15,20,5578,5578,1,1,2,12,,,15,1,True,True,,,Aceitar com warning se os tempos estiverem aderentes a operacao real.,Segmento operacional agrupado com 2 viagens reais.
448,1,1,Operador não atribuído (D1),True,04:20,13:26,29,commercial_trip,Viagem,trip,1042,VOLTA,13:15,13:26,11,5581,5581,1,2,1,12,,,16,2,True,True,,,Aceitar com warning se os tempos estiverem aderentes a operacao real.,Segmento operacional agrupado com 2 viagens reais.
448,1,1,Operador não atribuído (D1),True,04:20,13:26,30,duty_end,Fim de jornada,driver,,,13:26,13:26,0,,,0,1,1,,,,,,True,True,,,Aceitar com warning se os tempos estiverem aderentes a operacao real.,
448,2,2,Operador não atribuído (D2),True,04:20,13:32,1,duty_start,Início de jornada,driver,,,04:20,04:20,0,,,0,1,1,,,,,,True,True,,,Aceitar com warning se os tempos estiverem aderentes a operacao real.,
448,2,2,Operador não atribuído (D2),True,04:20,13:32,2,pullout,Soltura,driver,,,04:20,04:30,10,,,0,1,1,,,,,,True,True,,,Aceitar com warning se os tempos estiverem aderentes a operacao real.,
448,2,2,Operador não atribuído (D2),True,04:20,13:32,3,commercial_trip,Viagem,trip,1067,IDA,04:30,05:06,36,5431,5431,1,1,2,2,,,1,1,True,True,,,Aceitar com warning se os tempos estiverem aderentes a operacao real.,Segmento operacional agrupado com 2 viagens reais.
448,2,2,Operador não atribuído (D2),True,04:20,13:32,3,commercial_trip,Viagem,trip,1067,VOLTA,05:06,05:31,25,5439,5439,1,2,1,2,,,2,2,True,True,,,Aceitar com warning se os tempos estiverem aderentes a operacao real.,Segmento operacional agrupado com 2 viagens reais.
448,2,2,Operador não atribuído (D2),True,04:20,13:32,4,driver_vehicle_change,Troca de veículo,driver,,,05:31,05:31,0,,,0,1,1,,2,3,,,True,True,,,Aceitar com warning se os tempos estiverem aderentes a operacao real.,Motorista troca de veículo entre blocos distintos da mesma jornada.
448,2,2,Operador não atribuído (D2),True,04:20,13:32,5,driver_vehicle_change,Troca de veículo,driver,,,05:31,05:31,0,,,0,1,1,,2,3,,,True,True,,,Aceitar com warning se os tempos estiverem aderentes a operacao real.,Motorista troca de veículo entre blocos distintos da mesma jornada.
448,2,2,Operador não atribuído (D2),True,04:20,13:32,6,normal_break,Intervalo normal,driver,,,05:31,05:45,14,,,0,1,1,,2,3,,,True,True,,,Aceitar com warning se os tempos estiverem aderentes a operacao real.,
448,2,2,Operador não atribuído (D2),True,04:20,13:32,7,commercial_trip,Viagem,trip,1042,IDA,05:45,05:59,14,5447,5447,1,1,2,3,,,3,1,True,True,,,Aceitar com warning se os tempos estiverem aderentes a operacao real.,Segmento operacional agrupado com 2 viagens reais.
448,2,2,Operador não atribuído (D2),True,04:20,13:32,7,commercial_trip,Viagem,trip,1042,VOLTA,05:59,06:11,12,5450,5450,1,2,1,3,,,4,2,True,True,,,Aceitar com warning se os tempos estiverem aderentes a operacao real.,Segmento operacional agrupado com 2 viagens reais.
448,2,2,Operador não atribuído (D2),True,04:20,13:32,8,normal_break,Intervalo normal,driver,,,06:11,06:26,15,,,0,1,1,,3,3,,,True,True,,,Aceitar com warning se os tempos estiverem aderentes a operacao real.,
448,2,2,Operador não atribuído (D2),True,04:20,13:32,9,commercial_trip,Viagem,trip,1042,IDA,06:26,06:41,15,5463,5463,1,1,2,3,,,5,1,True,True,,,Aceitar com warning se os tempos estiverem aderentes a operacao real.,Segmento operacional agrupado com 2 viagens reais.
448,2,2,Operador não atribuído (D2),True,04:20,13:32,9,commercial_trip,Viagem,trip,1042,VOLTA,06:41,06:53,12,5468,5468,1,2,1,3,,,6,2,True,True,,,Aceitar com warning se os tempos estiverem aderentes a operacao real.,Segmento operacional agrupado com 2 viagens reais.
448,2,2,Operador não atribuído (D2),True,04:20,13:32,10,normal_break,Intervalo normal,driver,,,06:53,07:10,17,,,0,1,1,,3,3,,,True,True,,,Aceitar com warning se os tempos estiverem aderentes a operacao real.,
448,2,2,Operador não atribuído (D2),True,04:20,13:32,11,commercial_trip,Viagem,trip,1042,IDA,07:10,07:26,16,5482,5482,1,1,2,3,,,7,1,True,True,,,Aceitar com warning se os tempos estiverem aderentes a operacao real.,Segmento operacional agrupado com 2 viagens reais.
448,2,2,Operador não atribuído (D2),True,04:20,13:32,11,commercial_trip,Viagem,trip,1042,VOLTA,07:26,07:39,13,5487,5487,1,2,1,3,,,8,2,True,True,,,Aceitar com warning se os tempos estiverem aderentes a operacao real.,Segmento operacional agrupado com 2 viagens reais.
448,2,2,Operador não atribuído (D2),True,04:20,13:32,12,driver_vehicle_change,Troca de veículo,driver,,,07:39,07:39,0,,,0,1,1,,3,2,,,True,True,,,Aceitar com warning se os tempos estiverem aderentes a operacao real.,Motorista troca de veículo entre blocos distintos da mesma jornada.
448,2,2,Operador não atribuído (D2),True,04:20,13:32,13,driver_vehicle_change,Troca de veículo,driver,,,07:39,07:39,0,,,0,1,1,,3,2,,,True,True,,,Aceitar com warning se os tempos estiverem aderentes a operacao real.,Motorista troca de veículo entre blocos distintos da mesma jornada.
448,2,2,Operador não atribuído (D2),True,04:20,13:32,14,normal_break,Intervalo normal,driver,,,07:39,08:00,21,,,0,1,1,,3,2,,,True,True,,,Aceitar com warning se os tempos estiverem aderentes a operacao real.,
448,2,2,Operador não atribuído (D2),True,04:20,13:32,15,commercial_trip,Viagem,trip,1067,IDA,08:00,08:44,44,5507,5507,1,1,2,2,,,9,1,True,True,,,Aceitar com warning se os tempos estiverem aderentes a operacao real.,Segmento operacional agrupado com 2 viagens reais.
448,2,2,Operador não atribuído (D2),True,04:20,13:32,15,commercial_trip,Viagem,trip,1067,VOLTA,08:44,09:11,27,5516,5516,1,2,1,2,,,10,2,True,True,,,Aceitar com warning se os tempos estiverem aderentes a operacao real.,Segmento operacional agrupado com 2 viagens reais.
448,2,2,Operador não atribuído (D2),True,04:20,13:32,16,driver_vehicle_change,Troca de veículo,driver,,,09:11,09:11,0,,,0,1,1,,2,6,,,True,True,,,Aceitar com warning se os tempos estiverem aderentes a operacao real.,Motorista troca de veículo entre blocos distintos da mesma jornada.
448,2,2,Operador não atribuído (D2),True,04:20,13:32,17,driver_vehicle_change,Troca de veículo,driver,,,09:11,09:11,0,,,0,1,1,,2,6,,,True,True,,,Aceitar com warning se os tempos estiverem aderentes a operacao real.,Motorista troca de veículo entre blocos distintos da mesma jornada.
448,2,2,Operador não atribuído (D2),True,04:20,13:32,18,normal_break,Intervalo normal,driver,,,09:11,09:35,24,,,0,1,1,,2,6,,,True,True,,,Aceitar com warning se os tempos estiverem aderentes a operacao real.,
448,2,2,Operador não atribuído (D2),True,04:20,13:32,19,commercial_trip,Viagem,trip,1048,IDA,09:35,09:47,12,5525,5525,1,1,2,6,,,11,1,True,True,,,Aceitar com warning se os tempos estiverem aderentes a operacao real.,Segmento operacional agrupado com 2 viagens reais.
448,2,2,Operador não atribuído (D2),True,04:20,13:32,19,commercial_trip,Viagem,trip,1048,VOLTA,09:47,09:55,8,5527,5527,1,2,1,6,,,12,2,True,True,,,Aceitar com warning se os tempos estiverem aderentes a operacao real.,Segmento operacional agrupado com 2 viagens reais.
448,2,2,Operador não atribuído (D2),True,04:20,13:32,20,driver_vehicle_change,Troca de veículo,driver,,,09:55,09:55,0,,,0,1,1,,6,1,,,True,True,,,Aceitar com warning se os tempos estiverem aderentes a operacao real.,Motorista troca de veículo entre blocos distintos da mesma jornada.
448,2,2,Operador não atribuído (D2),True,04:20,13:32,21,driver_vehicle_change,Troca de veículo,driver,,,09:55,09:55,0,,,0,1,1,,6,1,,,True,True,,,Aceitar com warning se os tempos estiverem aderentes a operacao real.,Motorista troca de veículo entre blocos distintos da mesma jornada.
448,2,2,Operador não atribuído (D2),True,04:20,13:32,22,normal_break,Intervalo normal,driver,,,09:55,10:47,52,,,0,1,1,,6,1,,,True,True,,,Aceitar com warning se os tempos estiverem aderentes a operacao real.,
448,2,2,Operador não atribuído (D2),True,04:20,13:32,23,commercial_trip,Viagem,trip,1048,IDA,10:47,11:01,14,5544,5544,1,1,2,1,,,13,1,True,True,,,Aceitar com warning se os tempos estiverem aderentes a operacao real.,Segmento operacional agrupado com 2 viagens reais.
448,2,2,Operador não atribuído (D2),True,04:20,13:32,23,commercial_trip,Viagem,trip,1048,VOLTA,11:01,11:10,9,5547,5547,1,2,1,1,,,14,2,True,True,,,Aceitar com warning se os tempos estiverem aderentes a operacao real.,Segmento operacional agrupado com 2 viagens reais.
448,2,2,Operador não atribuído (D2),True,04:20,13:32,24,driver_vehicle_change,Troca de veículo,driver,,,11:10,11:10,0,,,0,1,1,,1,7,,,True,True,,,Aceitar com warning se os tempos estiverem aderentes a operacao real.,Motorista troca de veículo entre blocos distintos da mesma jornada.
448,2,2,Operador não atribuído (D2),True,04:20,13:32,25,driver_vehicle_change,Troca de veículo,driver,,,11:10,11:10,0,,,0,1,1,,1,7,,,True,True,,,Aceitar com warning se os tempos estiverem aderentes a operacao real.,Motorista troca de veículo entre blocos distintos da mesma jornada.
448,2,2,Operador não atribuído (D2),True,04:20,13:32,26,mandatory_rest,Descanso obrigatório,driver,,,11:10,11:45,35,,,0,1,1,,1,7,,,True,True,,,Aceitar com warning se os tempos estiverem aderentes a operacao real.,
448,2,2,Operador não atribuído (D2),True,04:20,13:32,27,commercial_trip,Viagem,trip,1067,IDA,11:45,12:24,39,5565,5565,1,1,2,7,,,15,1,True,True,,,Aceitar com warning se os tempos estiverem aderentes a operacao real.,Segmento operacional agrupado com 2 viagens reais.
448,2,2,Operador não atribuído (D2),True,04:20,13:32,27,commercial_trip,Viagem,trip,1067,VOLTA,12:24,12:50,26,5572,5572,1,2,1,7,,,16,2,True,True,,,Aceitar com warning se os tempos estiverem aderentes a operacao real.,Segmento operacional agrupado com 2 viagens reais.
448,2,2,Operador não atribuído (D2),True,04:20,13:32,28,driver_vehicle_change,Troca de veículo,driver,,,12:50,12:50,0,,,0,1,1,,7,3,,,True,True,,,Aceitar com warning se os tempos estiverem aderentes a operacao real.,Motorista troca de veículo entre blocos distintos da mesma jornada.
448,2,2,Operador não atribuído (D2),True,04:20,13:32,29,driver_vehicle_change,Troca de veículo,driver,,,12:50,12:50,0,,,0,1,1,,7,3,,,True,True,,,Aceitar com warning se os tempos estiverem aderentes a operacao real.,Motorista troca de veículo entre blocos distintos da mesma jornada.
448,2,2,Operador não atribuído (D2),True,04:20,13:32,30,normal_break,Intervalo normal,driver,,,12:50,13:11,21,,,0,1,1,,7,3,,,True,True,,,Aceitar com warning se os tempos estiverem aderentes a operacao real.,
448,2,2,Operador não atribuído (D2),True,04:20,13:32,31,commercial_trip,Viagem,trip,1048,IDA,13:11,13:25,14,5580,5580,1,1,2,3,,,17,1,True,True,,,Aceitar com warning se os tempos estiverem aderentes a operacao real.,Segmento operacional agrupado com 2 viagens reais.
448,2,2,Operador não atribuído (D2),True,04:20,13:32,31,commercial_trip,Viagem,trip,1048,VOLTA,13:25,13:32,7,5582,5582,1,2,1,3,,,18,2,True,True,,,Aceitar com warning se os tempos estiverem aderentes a operacao real.,Segmento operacional agrupado com 2 viagens reais.
448,2,2,Operador não atribuído (D2),True,04:20,13:32,32,duty_end,Fim de jornada,driver,,,13:32,13:32,0,,,0,1,1,,,,,,True,True,,,Aceitar com warning se os tempos estiverem aderentes a operacao real.,
448,3,3,Operador não atribuído (D3),True,04:25,07:29,1,duty_start,Início de jornada,driver,,,04:25,04:25,0,,,0,1,1,,,,,,False,False,,,Aceitar com warning se os tempos estiverem aderentes a operacao real.,
448,3,3,Operador não atribuído (D3),True,04:25,07:29,2,pullout,Soltura,driver,,,04:25,04:35,10,,,0,1,1,,,,,,False,False,,,Aceitar com warning se os tempos estiverem aderentes a operacao real.,
448,3,3,Operador não atribuído (D3),True,04:25,07:29,3,commercial_trip,Viagem,trip,1048,IDA,04:35,04:43,8,5427,5427,1,1,2,3,,,1,1,False,False,,,Aceitar com warning se os tempos estiverem aderentes a operacao real.,Segmento operacional agrupado com 2 viagens reais.
448,3,3,Operador não atribuído (D3),True,04:25,07:29,3,commercial_trip,Viagem,trip,1048,VOLTA,04:43,04:48,5,5428,5428,1,2,1,3,,,2,2,False,False,,,Aceitar com warning se os tempos estiverem aderentes a operacao real.,Segmento operacional agrupado com 2 viagens reais.
448,3,3,Operador não atribuído (D3),True,04:25,07:29,4,normal_break,Intervalo normal,driver,,,04:48,05:00,12,,,0,1,1,,3,3,,,False,False,,,Aceitar com warning se os tempos estiverem aderentes a operacao real.,
448,3,3,Operador não atribuído (D3),True,04:25,07:29,5,commercial_trip,Viagem,trip,1042,IDA,05:00,05:14,14,5433,5433,1,1,2,3,,,3,1,False,False,,,Aceitar com warning se os tempos estiverem aderentes a operacao real.,Segmento operacional agrupado com 2 viagens reais.
448,3,3,Operador não atribuído (D3),True,04:25,07:29,5,commercial_trip,Viagem,trip,1042,VOLTA,05:14,05:26,12,5436,5436,1,2,1,3,,,4,2,False,False,,,Aceitar com warning se os tempos estiverem aderentes a operacao real.,Segmento operacional agrupado com 2 viagens reais.
448,3,3,Operador não atribuído (D3),True,04:25,07:29,6,driver_vehicle_change,Troca de veículo,driver,,,05:26,05:26,0,,,0,1,1,,3,2,,,False,False,,,Aceitar com warning se os tempos estiverem aderentes a operacao real.,Motorista troca de veículo entre blocos distintos da mesma jornada.
448,3,3,Operador não atribuído (D3),True,04:25,07:29,7,driver_vehicle_change,Troca de veículo,driver,,,05:26,05:26,0,,,0,1,1,,3,2,,,False,False,,,Aceitar com warning se os tempos estiverem aderentes a operacao real.,Motorista troca de veículo entre blocos distintos da mesma jornada.
448,3,3,Operador não atribuído (D3),True,04:25,07:29,8,normal_break,Intervalo normal,driver,,,05:26,05:49,23,,,0,1,1,,3,2,,,False,False,,,Aceitar com warning se os tempos estiverem aderentes a operacao real.,
448,3,3,Operador não atribuído (D3),True,04:25,07:29,9,commercial_trip,Viagem,trip,1048,IDA,05:49,06:01,12,5448,5448,1,1,2,2,,,5,1,False,False,,,Aceitar com warning se os tempos estiverem aderentes a operacao real.,Segmento operacional agrupado com 2 viagens reais.
448,3,3,Operador não atribuído (D3),True,04:25,07:29,9,commercial_trip,Viagem,trip,1048,VOLTA,06:01,06:08,7,5449,5449,1,2,1,2,,,6,2,False,False,,,Aceitar com warning se os tempos estiverem aderentes a operacao real.,Segmento operacional agrupado com 2 viagens reais.
448,3,3,Operador não atribuído (D3),True,04:25,07:29,10,normal_break,Intervalo normal,driver,,,06:08,06:18,10,,,0,1,1,,2,2,,,False,False,,,Aceitar com warning se os tempos estiverem aderentes a operacao real.,
448,3,3,Operador não atribuído (D3),True,04:25,07:29,11,commercial_trip,Viagem,trip,1042,IDA,06:18,06:33,15,5459,5459,1,1,2,2,,,7,1,False,False,,,Aceitar com warning se os tempos estiverem aderentes a operacao real.,Segmento operacional agrupado com 2 viagens reais.
448,3,3,Operador não atribuído (D3),True,04:25,07:29,11,commercial_trip,Viagem,trip,1042,VOLTA,06:33,06:45,12,5465,5465,1,2,1,2,,,8,2,False,False,,,Aceitar com warning se os tempos estiverem aderentes a operacao real.,Segmento operacional agrupado com 2 viagens reais.
448,3,3,Operador não atribuído (D3),True,04:25,07:29,12,driver_vehicle_change,Troca de veículo,driver,,,06:45,06:45,0,,,0,1,1,,2,6,,,False,False,,,Aceitar com warning se os tempos estiverem aderentes a operacao real.,Motorista troca de veículo entre blocos distintos da mesma jornada.
448,3,3,Operador não atribuído (D3),True,04:25,07:29,13,driver_vehicle_change,Troca de veículo,driver,,,06:45,06:45,0,,,0,1,1,,2,6,,,False,False,,,Aceitar com warning se os tempos estiverem aderentes a operacao real.,Motorista troca de veículo entre blocos distintos da mesma jornada.
448,3,3,Operador não atribuído (D3),True,04:25,07:29,14,normal_break,Intervalo normal,driver,,,06:45,07:00,15,,,0,1,1,,2,6,,,False,False,,,Aceitar com warning se os tempos estiverem aderentes a operacao real.,
448,3,3,Operador não atribuído (D3),True,04:25,07:29,15,commercial_trip,Viagem,trip,1042,IDA,07:00,07:16,16,5478,5478,1,1,2,6,,,9,1,False,False,,,Aceitar com warning se os tempos estiverem aderentes a operacao real.,Segmento operacional agrupado com 2 viagens reais.
448,3,3,Operador não atribuído (D3),True,04:25,07:29,15,commercial_trip,Viagem,trip,1042,VOLTA,07:16,07:29,13,5483,5483,1,2,1,6,,,10,2,False,False,,,Aceitar com warning se os tempos estiverem aderentes a operacao real.,Segmento operacional agrupado com 2 viagens reais.
448,3,3,Operador não atribuído (D3),True,04:25,07:29,16,duty_end,Fim de jornada,driver,,,07:29,07:29,0,,,0,1,1,,,,,,False,False,,,Aceitar com warning se os tempos estiverem aderentes a operacao real.,
448,4,4,Operador não atribuído (D4),True,04:35,13:08,1,duty_start,Início de jornada,driver,,,04:35,04:35,0,,,0,1,1,,,,,,True,True,,,Aceitar com warning se os tempos estiverem aderentes a operacao real.,
448,4,4,Operador não atribuído (D4),True,04:35,13:08,2,pullout,Soltura,driver,,,04:35,04:45,10,,,0,1,1,,,,,,True,True,,,Aceitar com warning se os tempos estiverem aderentes a operacao real.,
448,4,4,Operador não atribuído (D4),True,04:35,13:08,3,commercial_trip,Viagem,trip,1042,IDA,04:45,04:58,13,5430,5430,1,1,2,4,,,1,1,True,True,,,Aceitar com warning se os tempos estiverem aderentes a operacao real.,Segmento operacional agrupado com 2 viagens reais.
448,4,4,Operador não atribuído (D4),True,04:35,13:08,3,commercial_trip,Viagem,trip,1042,VOLTA,04:58,05:07,9,5432,5432,1,2,1,4,,,2,2,True,True,,,Aceitar com warning se os tempos estiverem aderentes a operacao real.,Segmento operacional agrupado com 2 viagens reais.
448,4,4,Operador não atribuído (D4),True,04:35,13:08,4,normal_break,Intervalo normal,driver,,,05:07,05:20,13,,,0,1,1,,4,4,,,True,True,,,Aceitar com warning se os tempos estiverem aderentes a operacao real.,
448,4,4,Operador não atribuído (D4),True,04:35,13:08,5,commercial_trip,Viagem,trip,1067,IDA,05:20,05:56,36,5444,5444,1,1,2,4,,,3,1,True,True,,,Aceitar com warning se os tempos estiverem aderentes a operacao real.,Segmento operacional agrupado com 2 viagens reais.
448,4,4,Operador não atribuído (D4),True,04:35,13:08,5,commercial_trip,Viagem,trip,1067,VOLTA,05:56,06:21,25,5454,5454,1,2,1,4,,,4,2,True,True,,,Aceitar com warning se os tempos estiverem aderentes a operacao real.,Segmento operacional agrupado com 2 viagens reais.
448,4,4,Operador não atribuído (D4),True,04:35,13:08,6,driver_vehicle_change,Troca de veículo,driver,,,06:21,06:21,0,,,0,1,1,,4,9,,,True,True,,,Aceitar com warning se os tempos estiverem aderentes a operacao real.,Motorista troca de veículo entre blocos distintos da mesma jornada.
448,4,4,Operador não atribuído (D4),True,04:35,13:08,7,driver_vehicle_change,Troca de veículo,driver,,,06:21,06:21,0,,,0,1,1,,4,9,,,True,True,,,Aceitar com warning se os tempos estiverem aderentes a operacao real.,Motorista troca de veículo entre blocos distintos da mesma jornada.
448,4,4,Operador não atribuído (D4),True,04:35,13:08,8,normal_break,Intervalo normal,driver,,,06:21,06:34,13,,,0,1,1,,4,9,,,True,True,,,Aceitar com warning se os tempos estiverem aderentes a operacao real.,
448,4,4,Operador não atribuído (D4),True,04:35,13:08,9,commercial_trip,Viagem,trip,1042,IDA,06:34,06:49,15,5466,5466,1,1,2,9,,,5,1,True,True,,,Aceitar com warning se os tempos estiverem aderentes a operacao real.,Segmento operacional agrupado com 2 viagens reais.
448,4,4,Operador não atribuído (D4),True,04:35,13:08,9,commercial_trip,Viagem,trip,1042,VOLTA,06:49,07:01,12,5472,5472,1,2,1,9,,,6,2,True,True,,,Aceitar com warning se os tempos estiverem aderentes a operacao real.,Segmento operacional agrupado com 2 viagens reais.
448,4,4,Operador não atribuído (D4),True,04:35,13:08,10,driver_vehicle_change,Troca de veículo,driver,,,07:01,07:01,0,,,0,1,1,,9,1,,,True,True,,,Aceitar com warning se os tempos estiverem aderentes a operacao real.,Motorista troca de veículo entre blocos distintos da mesma jornada.
448,4,4,Operador não atribuído (D4),True,04:35,13:08,11,driver_vehicle_change,Troca de veículo,driver,,,07:01,07:01,0,,,0,1,1,,9,1,,,True,True,,,Aceitar com warning se os tempos estiverem aderentes a operacao real.,Motorista troca de veículo entre blocos distintos da mesma jornada.
448,4,4,Operador não atribuído (D4),True,04:35,13:08,12,normal_break,Intervalo normal,driver,,,07:01,07:20,19,,,0,1,1,,9,1,,,True,True,,,Aceitar com warning se os tempos estiverem aderentes a operacao real.,
448,4,4,Operador não atribuído (D4),True,04:35,13:08,13,commercial_trip,Viagem,trip,1067,IDA,07:20,08:07,47,5497,5497,1,1,2,1,,,7,1,True,True,,,Aceitar com warning se os tempos estiverem aderentes a operacao real.,Segmento operacional agrupado com 2 viagens reais.
448,4,4,Operador não atribuído (D4),True,04:35,13:08,13,commercial_trip,Viagem,trip,1067,VOLTA,08:07,08:36,29,5505,5505,1,2,1,1,,,8,2,True,True,,,Aceitar com warning se os tempos estiverem aderentes a operacao real.,Segmento operacional agrupado com 2 viagens reais.
448,4,4,Operador não atribuído (D4),True,04:35,13:08,14,driver_vehicle_change,Troca de veículo,driver,,,08:36,08:36,0,,,0,1,1,,1,4,,,True,True,,,Aceitar com warning se os tempos estiverem aderentes a operacao real.,Motorista troca de veículo entre blocos distintos da mesma jornada.
448,4,4,Operador não atribuído (D4),True,04:35,13:08,15,driver_vehicle_change,Troca de veículo,driver,,,08:36,08:36,0,,,0,1,1,,1,4,,,True,True,,,Aceitar com warning se os tempos estiverem aderentes a operacao real.,Motorista troca de veículo entre blocos distintos da mesma jornada.
448,4,4,Operador não atribuído (D4),True,04:35,13:08,16,normal_break,Intervalo normal,driver,,,08:36,08:47,11,,,0,1,1,,1,4,,,True,True,,,Aceitar com warning se os tempos estiverem aderentes a operacao real.,
448,4,4,Operador não atribuído (D4),True,04:35,13:08,17,commercial_trip,Viagem,trip,1048,IDA,08:47,09:00,13,5512,5512,1,1,2,4,,,9,1,True,True,,,Aceitar com warning se os tempos estiverem aderentes a operacao real.,Segmento operacional agrupado com 2 viagens reais.
448,4,4,Operador não atribuído (D4),True,04:35,13:08,17,commercial_trip,Viagem,trip,1048,VOLTA,09:00,09:08,8,5514,5514,1,2,1,4,,,10,2,True,True,,,Aceitar com warning se os tempos estiverem aderentes a operacao real.,Segmento operacional agrupado com 2 viagens reais.
448,4,4,Operador não atribuído (D4),True,04:35,13:08,18,driver_vehicle_change,Troca de veículo,driver,,,09:08,09:08,0,,,0,1,1,,4,10,,,True,True,,,Aceitar com warning se os tempos estiverem aderentes a operacao real.,Motorista troca de veículo entre blocos distintos da mesma jornada.
448,4,4,Operador não atribuído (D4),True,04:35,13:08,19,driver_vehicle_change,Troca de veículo,driver,,,09:08,09:08,0,,,0,1,1,,4,10,,,True,True,,,Aceitar com warning se os tempos estiverem aderentes a operacao real.,Motorista troca de veículo entre blocos distintos da mesma jornada.
448,4,4,Operador não atribuído (D4),True,04:35,13:08,20,normal_break,Intervalo normal,driver,,,09:08,09:40,32,,,0,1,1,,4,10,,,True,True,,,Aceitar com warning se os tempos estiverem aderentes a operacao real.,
448,4,4,Operador não atribuído (D4),True,04:35,13:08,21,commercial_trip,Viagem,trip,1067,IDA,09:40,10:23,43,5534,5534,1,1,2,10,,,11,1,True,True,,,Aceitar com warning se os tempos estiverem aderentes a operacao real.,Segmento operacional agrupado com 2 viagens reais.
448,4,4,Operador não atribuído (D4),True,04:35,13:08,21,commercial_trip,Viagem,trip,1067,VOLTA,10:23,10:49,26,5542,5542,1,2,1,10,,,12,2,True,True,,,Aceitar com warning se os tempos estiverem aderentes a operacao real.,Segmento operacional agrupado com 2 viagens reais.
448,4,4,Operador não atribuído (D4),True,04:35,13:08,22,driver_vehicle_change,Troca de veículo,driver,,,10:49,10:49,0,,,0,1,1,,10,1,,,True,True,,,Aceitar com warning se os tempos estiverem aderentes a operacao real.,Motorista troca de veículo entre blocos distintos da mesma jornada.
448,4,4,Operador não atribuído (D4),True,04:35,13:08,23,driver_vehicle_change,Troca de veículo,driver,,,10:49,10:49,0,,,0,1,1,,10,1,,,True,True,,,Aceitar com warning se os tempos estiverem aderentes a operacao real.,Motorista troca de veículo entre blocos distintos da mesma jornada.
448,4,4,Operador não atribuído (D4),True,04:35,13:08,24,mandatory_rest,Descanso obrigatório,driver,,,10:49,11:20,31,,,0,1,1,,10,1,,,True,True,,,Aceitar com warning se os tempos estiverem aderentes a operacao real.,
448,4,4,Operador não atribuído (D4),True,04:35,13:08,25,commercial_trip,Viagem,trip,1067,IDA,11:20,11:59,39,5559,5559,1,1,2,1,,,13,1,True,True,,,Aceitar com warning se os tempos estiverem aderentes a operacao real.,Segmento operacional agrupado com 2 viagens reais.
448,4,4,Operador não atribuído (D4),True,04:35,13:08,25,commercial_trip,Viagem,trip,1067,VOLTA,11:59,12:25,26,5566,5566,1,2,1,1,,,14,2,True,True,,,Aceitar com warning se os tempos estiverem aderentes a operacao real.,Segmento operacional agrupado com 2 viagens reais.
448,4,4,Operador não atribuído (D4),True,04:35,13:08,26,normal_break,Intervalo normal,driver,,,12:25,12:47,22,,,0,1,1,,1,1,,,True,True,,,Aceitar com warning se os tempos estiverem aderentes a operacao real.,
448,4,4,Operador não atribuído (D4),True,04:35,13:08,27,commercial_trip,Viagem,trip,1048,IDA,12:47,13:01,14,5574,5574,1,1,2,1,,,15,1,True,True,,,Aceitar com warning se os tempos estiverem aderentes a operacao real.,Segmento operacional agrupado com 2 viagens reais.
448,4,4,Operador não atribuído (D4),True,04:35,13:08,27,commercial_trip,Viagem,trip,1048,VOLTA,13:01,13:08,7,5576,5576,1,2,1,1,,,16,2,True,True,,,Aceitar com warning se os tempos estiverem aderentes a operacao real.,Segmento operacional agrupado com 2 viagens reais.
448,4,4,Operador não atribuído (D4),True,04:35,13:08,28,duty_end,Fim de jornada,driver,,,13:08,13:08,0,,,0,1,1,,,,,,True,True,,,Aceitar com warning se os tempos estiverem aderentes a operacao real.,
448,5,5,Operador não atribuído (D5),True,04:45,10:23,1,duty_start,Início de jornada,driver,,,04:45,04:45,0,,,0,1,1,,,,,,False,False,,,Aceitar com warning se os tempos estiverem aderentes a operacao real.,
448,5,5,Operador não atribuído (D5),True,04:45,10:23,2,pullout,Soltura,driver,,,04:45,04:55,10,,,0,1,1,,,,,,False,False,,,Aceitar com warning se os tempos estiverem aderentes a operacao real.,
448,5,5,Operador não atribuído (D5),True,04:45,10:23,3,commercial_trip,Viagem,trip,1067,IDA,04:55,05:31,36,5438,5438,1,1,2,5,,,1,1,False,False,,,Aceitar com warning se os tempos estiverem aderentes a operacao real.,Segmento operacional agrupado com 2 viagens reais.
448,5,5,Operador não atribuído (D5),True,04:45,10:23,3,commercial_trip,Viagem,trip,1067,VOLTA,05:31,05:56,25,5445,5445,1,2,1,5,,,2,2,False,False,,,Aceitar com warning se os tempos estiverem aderentes a operacao real.,Segmento operacional agrupado com 2 viagens reais.
448,5,5,Operador não atribuído (D5),True,04:45,10:23,4,normal_break,Intervalo normal,driver,,,05:56,06:10,14,,,0,1,1,,5,5,,,False,False,,,Aceitar com warning se os tempos estiverem aderentes a operacao real.,
448,5,5,Operador não atribuído (D5),True,04:45,10:23,5,commercial_trip,Viagem,trip,1042,IDA,06:10,06:25,15,5456,5456,1,1,2,5,,,3,1,False,False,,,Aceitar com warning se os tempos estiverem aderentes a operacao real.,Segmento operacional agrupado com 2 viagens reais.
448,5,5,Operador não atribuído (D5),True,04:45,10:23,5,commercial_trip,Viagem,trip,1042,VOLTA,06:25,06:37,12,5460,5460,1,2,1,5,,,4,2,False,False,,,Aceitar com warning se os tempos estiverem aderentes a operacao real.,Segmento operacional agrupado com 2 viagens reais.
448,5,5,Operador não atribuído (D5),True,04:45,10:23,6,driver_vehicle_change,Troca de veículo,driver,,,06:37,06:37,0,,,0,1,1,,5,10,,,False,False,,,Aceitar com warning se os tempos estiverem aderentes a operacao real.,Motorista troca de veículo entre blocos distintos da mesma jornada.
448,5,5,Operador não atribuído (D5),True,04:45,10:23,7,driver_vehicle_change,Troca de veículo,driver,,,06:37,06:37,0,,,0,1,1,,5,10,,,False,False,,,Aceitar com warning se os tempos estiverem aderentes a operacao real.,Motorista troca de veículo entre blocos distintos da mesma jornada.
448,5,5,Operador não atribuído (D5),True,04:45,10:23,8,normal_break,Intervalo normal,driver,,,06:37,06:50,13,,,0,1,1,,5,10,,,False,False,,,Aceitar com warning se os tempos estiverem aderentes a operacao real.,
448,5,5,Operador não atribuído (D5),True,04:45,10:23,9,commercial_trip,Viagem,trip,1042,IDA,06:50,07:05,15,5473,5473,1,1,2,10,,,5,1,False,False,,,Aceitar com warning se os tempos estiverem aderentes a operacao real.,Segmento operacional agrupado com 2 viagens reais.
448,5,5,Operador não atribuído (D5),True,04:45,10:23,9,commercial_trip,Viagem,trip,1042,VOLTA,07:05,07:18,13,5479,5479,1,2,1,10,,,6,2,False,False,,,Aceitar com warning se os tempos estiverem aderentes a operacao real.,Segmento operacional agrupado com 2 viagens reais.
448,5,5,Operador não atribuído (D5),True,04:45,10:23,10,driver_vehicle_change,Troca de veículo,driver,,,07:18,07:18,0,,,0,1,1,,10,6,,,False,False,,,Aceitar com warning se os tempos estiverem aderentes a operacao real.,Motorista troca de veículo entre blocos distintos da mesma jornada.
448,5,5,Operador não atribuído (D5),True,04:45,10:23,11,driver_vehicle_change,Troca de veículo,driver,,,07:18,07:18,0,,,0,1,1,,10,6,,,False,False,,,Aceitar com warning se os tempos estiverem aderentes a operacao real.,Motorista troca de veículo entre blocos distintos da mesma jornada.
448,5,5,Operador não atribuído (D5),True,04:45,10:23,12,normal_break,Intervalo normal,driver,,,07:18,07:39,21,,,0,1,1,,10,6,,,False,False,,,Aceitar com warning se os tempos estiverem aderentes a operacao real.,
448,5,5,Operador não atribuído (D5),True,04:45,10:23,13,commercial_trip,Viagem,trip,1048,IDA,07:39,07:51,12,5493,5493,1,1,2,6,,,7,1,False,False,,,Aceitar com warning se os tempos estiverem aderentes a operacao real.,Segmento operacional agrupado com 2 viagens reais.
448,5,5,Operador não atribuído (D5),True,04:45,10:23,13,commercial_trip,Viagem,trip,1048,VOLTA,07:51,08:00,9,5495,5495,1,2,1,6,,,8,2,False,False,,,Aceitar com warning se os tempos estiverem aderentes a operacao real.,Segmento operacional agrupado com 2 viagens reais.
448,5,5,Operador não atribuído (D5),True,04:45,10:23,14,driver_vehicle_change,Troca de veículo,driver,,,08:00,08:00,0,,,0,1,1,,6,3,,,False,False,,,Aceitar com warning se os tempos estiverem aderentes a operacao real.,Motorista troca de veículo entre blocos distintos da mesma jornada.
448,5,5,Operador não atribuído (D5),True,04:45,10:23,15,driver_vehicle_change,Troca de veículo,driver,,,08:00,08:00,0,,,0,1,1,,6,3,,,False,False,,,Aceitar com warning se os tempos estiverem aderentes a operacao real.,Motorista troca de veículo entre blocos distintos da mesma jornada.
448,5,5,Operador não atribuído (D5),True,04:45,10:23,16,normal_break,Intervalo normal,driver,,,08:00,08:25,25,,,0,1,1,,6,3,,,False,False,,,Aceitar com warning se os tempos estiverem aderentes a operacao real.,
448,5,5,Operador não atribuído (D5),True,04:45,10:23,17,commercial_trip,Viagem,trip,1067,IDA,08:25,09:09,44,5515,5515,1,1,2,3,,,9,1,False,False,,,Aceitar com warning se os tempos estiverem aderentes a operacao real.,Segmento operacional agrupado com 2 viagens reais.
448,5,5,Operador não atribuído (D5),True,04:45,10:23,17,commercial_trip,Viagem,trip,1067,VOLTA,09:09,09:36,27,5523,5523,1,2,1,3,,,10,2,False,False,,,Aceitar com warning se os tempos estiverem aderentes a operacao real.,Segmento operacional agrupado com 2 viagens reais.
448,5,5,Operador não atribuído (D5),True,04:45,10:23,18,driver_vehicle_change,Troca de veículo,driver,,,09:36,09:36,0,,,0,1,1,,3,4,,,False,False,,,Aceitar com warning se os tempos estiverem aderentes a operacao real.,Motorista troca de veículo entre blocos distintos da mesma jornada.
448,5,5,Operador não atribuído (D5),True,04:45,10:23,19,driver_vehicle_change,Troca de veículo,driver,,,09:36,09:36,0,,,0,1,1,,3,4,,,False,False,,,Aceitar com warning se os tempos estiverem aderentes a operacao real.,Motorista troca de veículo entre blocos distintos da mesma jornada.
448,5,5,Operador não atribuído (D5),True,04:45,10:23,20,normal_break,Intervalo normal,driver,,,09:36,09:55,19,,,0,1,1,,3,4,,,False,False,,,Aceitar com warning se os tempos estiverem aderentes a operacao real.,
448,5,5,Operador não atribuído (D5),True,04:45,10:23,21,commercial_trip,Viagem,trip,1042,IDA,09:55,10:11,16,5531,5531,1,1,2,4,,,11,1,False,False,,,Aceitar com warning se os tempos estiverem aderentes a operacao real.,Segmento operacional agrupado com 2 viagens reais.
448,5,5,Operador não atribuído (D5),True,04:45,10:23,21,commercial_trip,Viagem,trip,1042,VOLTA,10:11,10:23,12,5535,5535,1,2,1,4,,,12,2,False,False,,,Aceitar com warning se os tempos estiverem aderentes a operacao real.,Segmento operacional agrupado com 2 viagens reais.
448,5,5,Operador não atribuído (D5),True,04:45,10:23,22,duty_end,Fim de jornada,driver,,,10:23,10:23,0,,,0,1,1,,,,,,False,False,,,Aceitar com warning se os tempos estiverem aderentes a operacao real.,
448,6,6,Operador não atribuído (D6),True,05:15,13:49,1,duty_start,Início de jornada,driver,,,05:15,05:15,0,,,0,1,1,,,,,,True,False,soft,MANDATORY_REST_MISSING,"Adicionar uma duty, revisar o pairing ou ajustar a regra configuravel de mandatory_rest da CCT.",
448,6,6,Operador não atribuído (D6),True,05:15,13:49,2,commercial_trip,Viagem,trip,1042,IDA,05:15,05:29,14,5437,5437,1,1,2,1,,,1,1,True,False,soft,MANDATORY_REST_MISSING,"Adicionar uma duty, revisar o pairing ou ajustar a regra configuravel de mandatory_rest da CCT.",Segmento operacional agrupado com 2 viagens reais.
448,6,6,Operador não atribuído (D6),True,05:15,13:49,2,commercial_trip,Viagem,trip,1042,VOLTA,05:29,05:41,12,5441,5441,1,2,1,1,,,2,2,True,False,soft,MANDATORY_REST_MISSING,"Adicionar uma duty, revisar o pairing ou ajustar a regra configuravel de mandatory_rest da CCT.",Segmento operacional agrupado com 2 viagens reais.
448,6,6,Operador não atribuído (D6),True,05:15,13:49,3,normal_break,Intervalo normal,driver,,,05:41,06:00,19,,,0,1,1,,1,1,,,True,False,soft,MANDATORY_REST_MISSING,"Adicionar uma duty, revisar o pairing ou ajustar a regra configuravel de mandatory_rest da CCT.",
448,6,6,Operador não atribuído (D6),True,05:15,13:49,4,commercial_trip,Viagem,trip,1067,IDA,06:00,06:40,40,5462,5462,1,1,2,1,,,3,1,True,False,soft,MANDATORY_REST_MISSING,"Adicionar uma duty, revisar o pairing ou ajustar a regra configuravel de mandatory_rest da CCT.",Segmento operacional agrupado com 2 viagens reais.
448,6,6,Operador não atribuído (D6),True,05:15,13:49,4,commercial_trip,Viagem,trip,1067,VOLTA,06:40,07:09,29,5474,5474,1,2,1,1,,,4,2,True,False,soft,MANDATORY_REST_MISSING,"Adicionar uma duty, revisar o pairing ou ajustar a regra configuravel de mandatory_rest da CCT.",Segmento operacional agrupado com 2 viagens reais.
448,6,6,Operador não atribuído (D6),True,05:15,13:49,5,driver_vehicle_change,Troca de veículo,driver,,,07:09,07:09,0,,,0,1,1,,1,4,,,True,False,soft,MANDATORY_REST_MISSING,"Adicionar uma duty, revisar o pairing ou ajustar a regra configuravel de mandatory_rest da CCT.",Motorista troca de veículo entre blocos distintos da mesma jornada.
448,6,6,Operador não atribuído (D6),True,05:15,13:49,6,driver_vehicle_change,Troca de veículo,driver,,,07:09,07:09,0,,,0,1,1,,1,4,,,True,False,soft,MANDATORY_REST_MISSING,"Adicionar uma duty, revisar o pairing ou ajustar a regra configuravel de mandatory_rest da CCT.",Motorista troca de veículo entre blocos distintos da mesma jornada.
448,6,6,Operador não atribuído (D6),True,05:15,13:49,7,normal_break,Intervalo normal,driver,,,07:09,07:19,10,,,0,1,1,,1,4,,,True,False,soft,MANDATORY_REST_MISSING,"Adicionar uma duty, revisar o pairing ou ajustar a regra configuravel de mandatory_rest da CCT.",
448,6,6,Operador não atribuído (D6),True,05:15,13:49,8,commercial_trip,Viagem,trip,1048,IDA,07:19,07:31,12,5485,5485,1,1,2,4,,,5,1,True,False,soft,MANDATORY_REST_MISSING,"Adicionar uma duty, revisar o pairing ou ajustar a regra configuravel de mandatory_rest da CCT.",Segmento operacional agrupado com 2 viagens reais.
448,6,6,Operador não atribuído (D6),True,05:15,13:49,8,commercial_trip,Viagem,trip,1048,VOLTA,07:31,07:40,9,5488,5488,1,2,1,4,,,6,2,True,False,soft,MANDATORY_REST_MISSING,"Adicionar uma duty, revisar o pairing ou ajustar a regra configuravel de mandatory_rest da CCT.",Segmento operacional agrupado com 2 viagens reais.
448,6,6,Operador não atribuído (D6),True,05:15,13:49,9,normal_break,Intervalo normal,driver,,,07:40,07:55,15,,,0,1,1,,4,4,,,True,False,soft,MANDATORY_REST_MISSING,"Adicionar uma duty, revisar o pairing ou ajustar a regra configuravel de mandatory_rest da CCT.",
448,6,6,Operador não atribuído (D6),True,05:15,13:49,10,commercial_trip,Viagem,trip,1042,IDA,07:55,08:11,16,5498,5498,1,1,2,4,,,7,1,True,False,soft,MANDATORY_REST_MISSING,"Adicionar uma duty, revisar o pairing ou ajustar a regra configuravel de mandatory_rest da CCT.",Segmento operacional agrupado com 2 viagens reais.
448,6,6,Operador não atribuído (D6),True,05:15,13:49,10,commercial_trip,Viagem,trip,1042,VOLTA,08:11,08:24,13,5502,5502,1,2,1,4,,,8,2,True,False,soft,MANDATORY_REST_MISSING,"Adicionar uma duty, revisar o pairing ou ajustar a regra configuravel de mandatory_rest da CCT.",Segmento operacional agrupado com 2 viagens reais.
448,6,6,Operador não atribuído (D6),True,05:15,13:49,11,driver_vehicle_change,Troca de veículo,driver,,,08:24,08:24,0,,,0,1,1,,4,8,,,True,False,soft,MANDATORY_REST_MISSING,"Adicionar uma duty, revisar o pairing ou ajustar a regra configuravel de mandatory_rest da CCT.",Motorista troca de veículo entre blocos distintos da mesma jornada.
448,6,6,Operador não atribuído (D6),True,05:15,13:49,12,driver_vehicle_change,Troca de veículo,driver,,,08:24,08:24,0,,,0,1,1,,4,8,,,True,False,soft,MANDATORY_REST_MISSING,"Adicionar uma duty, revisar o pairing ou ajustar a regra configuravel de mandatory_rest da CCT.",Motorista troca de veículo entre blocos distintos da mesma jornada.
448,6,6,Operador não atribuído (D6),True,05:15,13:49,13,normal_break,Intervalo normal,driver,,,08:24,10:30,126,,,0,1,1,,4,8,,,True,False,soft,MANDATORY_REST_MISSING,"Adicionar uma duty, revisar o pairing ou ajustar a regra configuravel de mandatory_rest da CCT.",
448,6,6,Operador não atribuído (D6),True,05:15,13:49,14,commercial_trip,Viagem,trip,1067,IDA,10:30,11:09,39,5546,5546,1,1,2,8,,,9,1,True,False,soft,MANDATORY_REST_MISSING,"Adicionar uma duty, revisar o pairing ou ajustar a regra configuravel de mandatory_rest da CCT.",Segmento operacional agrupado com 2 viagens reais.
448,6,6,Operador não atribuído (D6),True,05:15,13:49,14,commercial_trip,Viagem,trip,1067,VOLTA,11:09,11:37,28,5555,5555,1,2,1,8,,,10,2,True,False,soft,MANDATORY_REST_MISSING,"Adicionar uma duty, revisar o pairing ou ajustar a regra configuravel de mandatory_rest da CCT.",Segmento operacional agrupado com 2 viagens reais.
448,6,6,Operador não atribuído (D6),True,05:15,13:49,15,driver_vehicle_change,Troca de veículo,driver,,,11:37,11:37,0,,,0,1,1,,8,6,,,True,False,soft,MANDATORY_REST_MISSING,"Adicionar uma duty, revisar o pairing ou ajustar a regra configuravel de mandatory_rest da CCT.",Motorista troca de veículo entre blocos distintos da mesma jornada.
448,6,6,Operador não atribuído (D6),True,05:15,13:49,16,driver_vehicle_change,Troca de veículo,driver,,,11:37,11:37,0,,,0,1,1,,8,6,,,True,False,soft,MANDATORY_REST_MISSING,"Adicionar uma duty, revisar o pairing ou ajustar a regra configuravel de mandatory_rest da CCT.",Motorista troca de veículo entre blocos distintos da mesma jornada.
448,6,6,Operador não atribuído (D6),True,05:15,13:49,17,normal_break,Intervalo normal,driver,,,11:37,11:59,22,,,0,1,1,,8,6,,,True,False,soft,MANDATORY_REST_MISSING,"Adicionar uma duty, revisar o pairing ou ajustar a regra configuravel de mandatory_rest da CCT.",
448,6,6,Operador não atribuído (D6),True,05:15,13:49,18,commercial_trip,Viagem,trip,1048,IDA,11:59,12:12,13,5563,5563,1,1,2,6,,,11,1,True,False,soft,MANDATORY_REST_MISSING,"Adicionar uma duty, revisar o pairing ou ajustar a regra configuravel de mandatory_rest da CCT.",Segmento operacional agrupado com 2 viagens reais.
448,6,6,Operador não atribuído (D6),True,05:15,13:49,18,commercial_trip,Viagem,trip,1048,VOLTA,12:12,12:20,8,5564,5564,1,2,1,6,,,12,2,True,False,soft,MANDATORY_REST_MISSING,"Adicionar uma duty, revisar o pairing ou ajustar a regra configuravel de mandatory_rest da CCT.",Segmento operacional agrupado com 2 viagens reais.
448,6,6,Operador não atribuído (D6),True,05:15,13:49,19,driver_vehicle_change,Troca de veículo,driver,,,12:20,12:20,0,,,0,1,1,,6,2,,,True,False,soft,MANDATORY_REST_MISSING,"Adicionar uma duty, revisar o pairing ou ajustar a regra configuravel de mandatory_rest da CCT.",Motorista troca de veículo entre blocos distintos da mesma jornada.
448,6,6,Operador não atribuído (D6),True,05:15,13:49,20,driver_vehicle_change,Troca de veículo,driver,,,12:20,12:20,0,,,0,1,1,,6,2,,,True,False,soft,MANDATORY_REST_MISSING,"Adicionar uma duty, revisar o pairing ou ajustar a regra configuravel de mandatory_rest da CCT.",Motorista troca de veículo entre blocos distintos da mesma jornada.
448,6,6,Operador não atribuído (D6),True,05:15,13:49,21,normal_break,Intervalo normal,driver,,,12:20,12:30,10,,,0,1,1,,6,2,,,True,False,soft,MANDATORY_REST_MISSING,"Adicionar uma duty, revisar o pairing ou ajustar a regra configuravel de mandatory_rest da CCT.",
448,6,6,Operador não atribuído (D6),True,05:15,13:49,22,commercial_trip,Viagem,trip,1042,IDA,12:30,12:50,20,5573,5573,1,1,2,2,,,13,1,True,False,soft,MANDATORY_REST_MISSING,"Adicionar uma duty, revisar o pairing ou ajustar a regra configuravel de mandatory_rest da CCT.",Segmento operacional agrupado com 2 viagens reais.
448,6,6,Operador não atribuído (D6),True,05:15,13:49,22,commercial_trip,Viagem,trip,1042,VOLTA,12:50,13:04,14,5575,5575,1,2,1,2,,,14,2,True,False,soft,MANDATORY_REST_MISSING,"Adicionar uma duty, revisar o pairing ou ajustar a regra configuravel de mandatory_rest da CCT.",Segmento operacional agrupado com 2 viagens reais.
448,6,6,Operador não atribuído (D6),True,05:15,13:49,23,normal_break,Intervalo normal,driver,,,13:04,13:20,16,,,0,1,1,,2,2,,,True,False,soft,MANDATORY_REST_MISSING,"Adicionar uma duty, revisar o pairing ou ajustar a regra configuravel de mandatory_rest da CCT.",
448,6,6,Operador não atribuído (D6),True,05:15,13:49,24,commercial_trip,Viagem,trip,1042,IDA,13:20,13:38,18,5583,5583,1,1,2,2,,,15,1,True,False,soft,MANDATORY_REST_MISSING,"Adicionar uma duty, revisar o pairing ou ajustar a regra configuravel de mandatory_rest da CCT.",Segmento operacional agrupado com 2 viagens reais.
448,6,6,Operador não atribuído (D6),True,05:15,13:49,24,commercial_trip,Viagem,trip,1042,VOLTA,13:38,13:49,11,5587,5587,1,2,1,2,,,16,2,True,False,soft,MANDATORY_REST_MISSING,"Adicionar uma duty, revisar o pairing ou ajustar a regra configuravel de mandatory_rest da CCT.",Segmento operacional agrupado com 2 viagens reais.
448,6,6,Operador não atribuído (D6),True,05:15,13:49,25,duty_end,Fim de jornada,driver,,,13:49,13:49,0,,,0,1,1,,,,,,True,False,soft,MANDATORY_REST_MISSING,"Adicionar uma duty, revisar o pairing ou ajustar a regra configuravel de mandatory_rest da CCT.",
448,7,7,Operador não atribuído (D7),True,05:19,07:09,1,duty_start,Início de jornada,driver,,,05:19,05:19,0,,,0,1,1,,,,,,False,False,,,Aceitar com warning se os tempos estiverem aderentes a operacao real.,
448,7,7,Operador não atribuído (D7),True,05:19,07:09,2,pullout,Soltura,driver,,,05:19,05:29,10,,,0,1,1,,,,,,False,False,,,Aceitar com warning se os tempos estiverem aderentes a operacao real.,
448,7,7,Operador não atribuído (D7),True,05:19,07:09,3,commercial_trip,Viagem,trip,1048,IDA,05:29,05:41,12,5440,5440,1,1,2,7,,,1,1,False,False,,,Aceitar com warning se os tempos estiverem aderentes a operacao real.,Segmento operacional agrupado com 2 viagens reais.
448,7,7,Operador não atribuído (D7),True,05:19,07:09,3,commercial_trip,Viagem,trip,1048,VOLTA,05:41,05:47,6,5443,5443,1,2,1,7,,,2,2,False,False,,,Aceitar com warning se os tempos estiverem aderentes a operacao real.,Segmento operacional agrupado com 2 viagens reais.
448,7,7,Operador não atribuído (D7),True,05:19,07:09,4,normal_break,Intervalo normal,driver,,,05:47,06:00,13,,,0,1,1,,7,7,,,False,False,,,Aceitar com warning se os tempos estiverem aderentes a operacao real.,
448,7,7,Operador não atribuído (D7),True,05:19,07:09,5,commercial_trip,Viagem,trip,1042,IDA,06:00,06:15,15,5451,5451,1,1,2,7,,,3,1,False,False,,,Aceitar com warning se os tempos estiverem aderentes a operacao real.,Segmento operacional agrupado com 2 viagens reais.
448,7,7,Operador não atribuído (D7),True,05:19,07:09,5,commercial_trip,Viagem,trip,1042,VOLTA,06:15,06:27,12,5457,5457,1,2,1,7,,,4,2,False,False,,,Aceitar com warning se os tempos estiverem aderentes a operacao real.,Segmento operacional agrupado com 2 viagens reais.
448,7,7,Operador não atribuído (D7),True,05:19,07:09,6,driver_vehicle_change,Troca de veículo,driver,,,06:27,06:27,0,,,0,1,1,,7,4,,,False,False,,,Aceitar com warning se os tempos estiverem aderentes a operacao real.,Motorista troca de veículo entre blocos distintos da mesma jornada.
448,7,7,Operador não atribuído (D7),True,05:19,07:09,7,driver_vehicle_change,Troca de veículo,driver,,,06:27,06:27,0,,,0,1,1,,7,4,,,False,False,,,Aceitar com warning se os tempos estiverem aderentes a operacao real.,Motorista troca de veículo entre blocos distintos da mesma jornada.
448,7,7,Operador não atribuído (D7),True,05:19,07:09,8,normal_break,Intervalo normal,driver,,,06:27,06:42,15,,,0,1,1,,7,4,,,False,False,,,Aceitar com warning se os tempos estiverem aderentes a operacao real.,
448,7,7,Operador não atribuído (D7),True,05:19,07:09,9,commercial_trip,Viagem,trip,1042,IDA,06:42,06:57,15,5470,5470,1,1,2,4,,,5,1,False,False,,,Aceitar com warning se os tempos estiverem aderentes a operacao real.,Segmento operacional agrupado com 2 viagens reais.
448,7,7,Operador não atribuído (D7),True,05:19,07:09,9,commercial_trip,Viagem,trip,1042,VOLTA,06:57,07:09,12,5475,5475,1,2,1,4,,,6,2,False,False,,,Aceitar com warning se os tempos estiverem aderentes a operacao real.,Segmento operacional agrupado com 2 viagens reais.
448,7,7,Operador não atribuído (D7),True,05:19,07:09,10,duty_end,Fim de jornada,driver,,,07:09,07:09,0,,,0,1,1,,,,,,False,False,,,Aceitar com warning se os tempos estiverem aderentes a operacao real.,
448,8,8,Operador não atribuído (D8),True,05:20,14:21,1,duty_start,Início de jornada,driver,,,05:20,05:20,0,,,0,1,1,,,,,,True,True,,,Aceitar com warning se os tempos estiverem aderentes a operacao real.,
448,8,8,Operador não atribuído (D8),True,05:20,14:21,2,pullout,Soltura,driver,,,05:20,05:30,10,,,0,1,1,,,,,,True,True,,,Aceitar com warning se os tempos estiverem aderentes a operacao real.,
448,8,8,Operador não atribuído (D8),True,05:20,14:21,3,commercial_trip,Viagem,trip,1042,IDA,05:30,05:44,14,5442,5442,1,1,2,8,,,1,1,True,True,,,Aceitar com warning se os tempos estiverem aderentes a operacao real.,Segmento operacional agrupado com 2 viagens reais.
448,8,8,Operador não atribuído (D8),True,05:20,14:21,3,commercial_trip,Viagem,trip,1042,VOLTA,05:44,05:56,12,5446,5446,1,2,1,8,,,2,2,True,True,,,Aceitar com warning se os tempos estiverem aderentes a operacao real.,Segmento operacional agrupado com 2 viagens reais.
448,8,8,Operador não atribuído (D8),True,05:20,14:21,4,normal_break,Intervalo normal,driver,,,05:56,06:15,19,,,0,1,1,,8,8,,,True,True,,,Aceitar com warning se os tempos estiverem aderentes a operacao real.,
448,8,8,Operador não atribuído (D8),True,05:20,14:21,5,commercial_trip,Viagem,trip,1067,IDA,06:15,06:55,40,5469,5469,1,1,2,8,,,3,1,True,True,,,Aceitar com warning se os tempos estiverem aderentes a operacao real.,Segmento operacional agrupado com 2 viagens reais.
448,8,8,Operador não atribuído (D8),True,05:20,14:21,5,commercial_trip,Viagem,trip,1067,VOLTA,06:55,07:24,29,5481,5481,1,2,1,8,,,4,2,True,True,,,Aceitar com warning se os tempos estiverem aderentes a operacao real.,Segmento operacional agrupado com 2 viagens reais.
448,8,8,Operador não atribuído (D8),True,05:20,14:21,6,driver_vehicle_change,Troca de veículo,driver,,,07:24,07:24,0,,,0,1,1,,8,10,,,True,True,,,Aceitar com warning se os tempos estiverem aderentes a operacao real.,Motorista troca de veículo entre blocos distintos da mesma jornada.
448,8,8,Operador não atribuído (D8),True,05:20,14:21,7,driver_vehicle_change,Troca de veículo,driver,,,07:24,07:24,0,,,0,1,1,,8,10,,,True,True,,,Aceitar com warning se os tempos estiverem aderentes a operacao real.,Motorista troca de veículo entre blocos distintos da mesma jornada.
448,8,8,Operador não atribuído (D8),True,05:20,14:21,8,normal_break,Intervalo normal,driver,,,07:24,07:35,11,,,0,1,1,,8,10,,,True,True,,,Aceitar com warning se os tempos estiverem aderentes a operacao real.,
448,8,8,Operador não atribuído (D8),True,05:20,14:21,9,commercial_trip,Viagem,trip,1042,IDA,07:35,07:51,16,5492,5492,1,1,2,10,,,5,1,True,True,,,Aceitar com warning se os tempos estiverem aderentes a operacao real.,Segmento operacional agrupado com 2 viagens reais.
448,8,8,Operador não atribuído (D8),True,05:20,14:21,9,commercial_trip,Viagem,trip,1042,VOLTA,07:51,08:04,13,5496,5496,1,2,1,10,,,6,2,True,True,,,Aceitar com warning se os tempos estiverem aderentes a operacao real.,Segmento operacional agrupado com 2 viagens reais.
448,8,8,Operador não atribuído (D8),True,05:20,14:21,10,normal_break,Intervalo normal,driver,,,08:04,08:23,19,,,0,1,1,,10,10,,,True,True,,,Aceitar com warning se os tempos estiverem aderentes a operacao real.,
448,8,8,Operador não atribuído (D8),True,05:20,14:21,11,commercial_trip,Viagem,trip,1048,IDA,08:23,08:36,13,5506,5506,1,1,2,10,,,7,1,True,True,,,Aceitar com warning se os tempos estiverem aderentes a operacao real.,Segmento operacional agrupado com 2 viagens reais.
448,8,8,Operador não atribuído (D8),True,05:20,14:21,11,commercial_trip,Viagem,trip,1048,VOLTA,08:36,08:44,8,5508,5508,1,2,1,10,,,8,2,True,True,,,Aceitar com warning se os tempos estiverem aderentes a operacao real.,Segmento operacional agrupado com 2 viagens reais.
448,8,8,Operador não atribuído (D8),True,05:20,14:21,12,driver_vehicle_change,Troca de veículo,driver,,,08:44,08:44,0,,,0,1,1,,10,9,,,True,True,,,Aceitar com warning se os tempos estiverem aderentes a operacao real.,Motorista troca de veículo entre blocos distintos da mesma jornada.
448,8,8,Operador não atribuído (D8),True,05:20,14:21,13,driver_vehicle_change,Troca de veículo,driver,,,08:44,08:44,0,,,0,1,1,,10,9,,,True,True,,,Aceitar com warning se os tempos estiverem aderentes a operacao real.,Motorista troca de veículo entre blocos distintos da mesma jornada.
448,8,8,Operador não atribuído (D8),True,05:20,14:21,14,normal_break,Intervalo normal,driver,,,08:44,09:15,31,,,0,1,1,,10,9,,,True,True,,,Aceitar com warning se os tempos estiverem aderentes a operacao real.,
448,8,8,Operador não atribuído (D8),True,05:20,14:21,15,commercial_trip,Viagem,trip,1042,IDA,09:15,09:31,16,5520,5520,1,1,2,9,,,9,1,True,True,,,Aceitar com warning se os tempos estiverem aderentes a operacao real.,Segmento operacional agrupado com 2 viagens reais.
448,8,8,Operador não atribuído (D8),True,05:20,14:21,15,commercial_trip,Viagem,trip,1042,VOLTA,09:31,09:43,12,5524,5524,1,2,1,9,,,10,2,True,True,,,Aceitar com warning se os tempos estiverem aderentes a operacao real.,Segmento operacional agrupado com 2 viagens reais.
448,8,8,Operador não atribuído (D8),True,05:20,14:21,16,driver_vehicle_change,Troca de veículo,driver,,,09:43,09:43,0,,,0,1,1,,9,7,,,True,True,,,Aceitar com warning se os tempos estiverem aderentes a operacao real.,Motorista troca de veículo entre blocos distintos da mesma jornada.
448,8,8,Operador não atribuído (D8),True,05:20,14:21,17,driver_vehicle_change,Troca de veículo,driver,,,09:43,09:43,0,,,0,1,1,,9,7,,,True,True,,,Aceitar com warning se os tempos estiverem aderentes a operacao real.,Motorista troca de veículo entre blocos distintos da mesma jornada.
448,8,8,Operador não atribuído (D8),True,05:20,14:21,18,normal_break,Intervalo normal,driver,,,09:43,09:59,16,,,0,1,1,,9,7,,,True,True,,,Aceitar com warning se os tempos estiverem aderentes a operacao real.,
448,8,8,Operador não atribuído (D8),True,05:20,14:21,19,commercial_trip,Viagem,trip,1048,IDA,09:59,10:11,12,5532,5532,1,1,2,7,,,11,1,True,True,,,Aceitar com warning se os tempos estiverem aderentes a operacao real.,Segmento operacional agrupado com 2 viagens reais.
448,8,8,Operador não atribuído (D8),True,05:20,14:21,19,commercial_trip,Viagem,trip,1048,VOLTA,10:11,10:19,8,5533,5533,1,2,1,7,,,12,2,True,True,,,Aceitar com warning se os tempos estiverem aderentes a operacao real.,Segmento operacional agrupado com 2 viagens reais.
448,8,8,Operador não atribuído (D8),True,05:20,14:21,20,driver_vehicle_change,Troca de veículo,driver,,,10:19,10:19,0,,,0,1,1,,7,5,,,True,True,,,Aceitar com warning se os tempos estiverem aderentes a operacao real.,Motorista troca de veículo entre blocos distintos da mesma jornada.
448,8,8,Operador não atribuído (D8),True,05:20,14:21,21,driver_vehicle_change,Troca de veículo,driver,,,10:19,10:19,0,,,0,1,1,,7,5,,,True,True,,,Aceitar com warning se os tempos estiverem aderentes a operacao real.,Motorista troca de veículo entre blocos distintos da mesma jornada.
448,8,8,Operador não atribuído (D8),True,05:20,14:21,22,normal_break,Intervalo normal,driver,,,10:19,10:55,36,,,0,1,1,,7,5,,,True,True,,,Aceitar com warning se os tempos estiverem aderentes a operacao real.,
448,8,8,Operador não atribuído (D8),True,05:20,14:21,23,commercial_trip,Viagem,trip,1067,IDA,10:55,11:34,39,5553,5553,1,1,2,5,,,13,1,True,True,,,Aceitar com warning se os tempos estiverem aderentes a operacao real.,Segmento operacional agrupado com 2 viagens reais.
448,8,8,Operador não atribuído (D8),True,05:20,14:21,23,commercial_trip,Viagem,trip,1067,VOLTA,11:34,12:00,26,5561,5561,1,2,1,5,,,14,2,True,True,,,Aceitar com warning se os tempos estiverem aderentes a operacao real.,Segmento operacional agrupado com 2 viagens reais.
448,8,8,Operador não atribuído (D8),True,05:20,14:21,24,driver_vehicle_change,Troca de veículo,driver,,,12:00,12:00,0,,,0,1,1,,5,4,,,True,True,,,Aceitar com warning se os tempos estiverem aderentes a operacao real.,Motorista troca de veículo entre blocos distintos da mesma jornada.
448,8,8,Operador não atribuído (D8),True,05:20,14:21,25,driver_vehicle_change,Troca de veículo,driver,,,12:00,12:00,0,,,0,1,1,,5,4,,,True,True,,,Aceitar com warning se os tempos estiverem aderentes a operacao real.,Motorista troca de veículo entre blocos distintos da mesma jornada.
448,8,8,Operador não atribuído (D8),True,05:20,14:21,26,mandatory_rest,Descanso obrigatório,driver,,,12:00,12:35,35,,,0,1,1,,5,4,,,True,True,,,Aceitar com warning se os tempos estiverem aderentes a operacao real.,
448,8,8,Operador não atribuído (D8),True,05:20,14:21,27,commercial_trip,Viagem,trip,1067,IDA,12:35,13:15,40,5577,5577,1,1,2,4,,,15,1,True,True,,,Aceitar com warning se os tempos estiverem aderentes a operacao real.,Segmento operacional agrupado com 2 viagens reais.
448,8,8,Operador não atribuído (D8),True,05:20,14:21,27,commercial_trip,Viagem,trip,1067,VOLTA,13:15,13:42,27,5585,5585,1,2,1,4,,,16,2,True,True,,,Aceitar com warning se os tempos estiverem aderentes a operacao real.,Segmento operacional agrupado com 2 viagens reais.
448,8,8,Operador não atribuído (D8),True,05:20,14:21,28,driver_vehicle_change,Troca de veículo,driver,,,13:42,13:42,0,,,0,1,1,,4,2,,,True,True,,,Aceitar com warning se os tempos estiverem aderentes a operacao real.,Motorista troca de veículo entre blocos distintos da mesma jornada.
448,8,8,Operador não atribuído (D8),True,05:20,14:21,29,driver_vehicle_change,Troca de veículo,driver,,,13:42,13:42,0,,,0,1,1,,4,2,,,True,True,,,Aceitar com warning se os tempos estiverem aderentes a operacao real.,Motorista troca de veículo entre blocos distintos da mesma jornada.
448,8,8,Operador não atribuído (D8),True,05:20,14:21,30,normal_break,Intervalo normal,driver,,,13:42,13:59,17,,,0,1,1,,4,2,,,True,True,,,Aceitar com warning se os tempos estiverem aderentes a operacao real.,
448,8,8,Operador não atribuído (D8),True,05:20,14:21,31,commercial_trip,Viagem,trip,1048,IDA,13:59,14:13,14,5592,5592,1,1,2,2,,,17,1,True,True,,,Aceitar com warning se os tempos estiverem aderentes a operacao real.,Segmento operacional agrupado com 2 viagens reais.
448,8,8,Operador não atribuído (D8),True,05:20,14:21,31,commercial_trip,Viagem,trip,1048,VOLTA,14:13,14:21,8,5594,5594,1,2,1,2,,,18,2,True,True,,,Aceitar com warning se os tempos estiverem aderentes a operacao real.,Segmento operacional agrupado com 2 viagens reais.
448,8,8,Operador não atribuído (D8),True,05:20,14:21,32,duty_end,Fim de jornada,driver,,,14:21,14:21,0,,,0,1,1,,,,,,True,True,,,Aceitar com warning se os tempos estiverem aderentes a operacao real.,
448,9,9,Operador não atribuído (D9),True,05:54,14:44,1,duty_start,Início de jornada,driver,,,05:54,05:54,0,,,0,1,1,,,,,,False,False,,,Aceitar com warning se os tempos estiverem aderentes a operacao real.,
448,9,9,Operador não atribuído (D9),True,05:54,14:44,2,pullout,Soltura,driver,,,05:54,06:04,10,,,0,1,1,,,,,,False,False,,,Aceitar com warning se os tempos estiverem aderentes a operacao real.,
448,9,9,Operador não atribuído (D9),True,05:54,14:44,3,commercial_trip,Viagem,trip,1048,IDA,06:04,06:15,11,5452,5452,1,1,2,9,,,1,1,False,False,,,Aceitar com warning se os tempos estiverem aderentes a operacao real.,Segmento operacional agrupado com 2 viagens reais.
448,9,9,Operador não atribuído (D9),True,05:54,14:44,3,commercial_trip,Viagem,trip,1048,VOLTA,06:15,06:22,7,5455,5455,1,2,1,9,,,2,2,False,False,,,Aceitar com warning se os tempos estiverem aderentes a operacao real.,Segmento operacional agrupado com 2 viagens reais.
448,9,9,Operador não atribuído (D9),True,05:54,14:44,4,driver_vehicle_change,Troca de veículo,driver,,,06:22,06:22,0,,,0,1,1,,9,7,,,False,False,,,Aceitar com warning se os tempos estiverem aderentes a operacao real.,Motorista troca de veículo entre blocos distintos da mesma jornada.
448,9,9,Operador não atribuído (D9),True,05:54,14:44,5,driver_vehicle_change,Troca de veículo,driver,,,06:22,06:22,0,,,0,1,1,,9,7,,,False,False,,,Aceitar com warning se os tempos estiverem aderentes a operacao real.,Motorista troca de veículo entre blocos distintos da mesma jornada.
448,9,9,Operador não atribuído (D9),True,05:54,14:44,6,normal_break,Intervalo normal,driver,,,06:22,06:39,17,,,0,1,1,,9,7,,,False,False,,,Aceitar com warning se os tempos estiverem aderentes a operacao real.,
448,9,9,Operador não atribuído (D9),True,05:54,14:44,7,commercial_trip,Viagem,trip,1048,IDA,06:39,06:50,11,5467,5467,1,1,2,7,,,3,1,False,False,,,Aceitar com warning se os tempos estiverem aderentes a operacao real.,Segmento operacional agrupado com 2 viagens reais.
448,9,9,Operador não atribuído (D9),True,05:54,14:44,7,commercial_trip,Viagem,trip,1048,VOLTA,06:50,06:57,7,5471,5471,1,2,1,7,,,4,2,False,False,,,Aceitar com warning se os tempos estiverem aderentes a operacao real.,Segmento operacional agrupado com 2 viagens reais.
448,9,9,Operador não atribuído (D9),True,05:54,14:44,8,driver_vehicle_change,Troca de veículo,driver,,,06:57,06:57,0,,,0,1,1,,7,9,,,False,False,,,Aceitar com warning se os tempos estiverem aderentes a operacao real.,Motorista troca de veículo entre blocos distintos da mesma jornada.
448,9,9,Operador não atribuído (D9),True,05:54,14:44,9,driver_vehicle_change,Troca de veículo,driver,,,06:57,06:57,0,,,0,1,1,,7,9,,,False,False,,,Aceitar com warning se os tempos estiverem aderentes a operacao real.,Motorista troca de veículo entre blocos distintos da mesma jornada.
448,9,9,Operador não atribuído (D9),True,05:54,14:44,10,normal_break,Intervalo normal,driver,,,06:57,07:20,23,,,0,1,1,,7,9,,,False,False,,,Aceitar com warning se os tempos estiverem aderentes a operacao real.,
448,9,9,Operador não atribuído (D9),True,05:54,14:44,11,commercial_trip,Viagem,trip,1042,IDA,07:20,07:36,16,5486,5486,1,1,2,9,,,5,1,False,False,,,Aceitar com warning se os tempos estiverem aderentes a operacao real.,Segmento operacional agrupado com 2 viagens reais.
448,9,9,Operador não atribuído (D9),True,05:54,14:44,11,commercial_trip,Viagem,trip,1042,VOLTA,07:36,07:49,13,5491,5491,1,2,1,9,,,6,2,False,False,,,Aceitar com warning se os tempos estiverem aderentes a operacao real.,Segmento operacional agrupado com 2 viagens reais.
448,9,9,Operador não atribuído (D9),True,05:54,14:44,12,driver_vehicle_change,Troca de veículo,driver,,,07:49,07:49,0,,,0,1,1,,9,10,,,False,False,,,Aceitar com warning se os tempos estiverem aderentes a operacao real.,Motorista troca de veículo entre blocos distintos da mesma jornada.
448,9,9,Operador não atribuído (D9),True,05:54,14:44,13,driver_vehicle_change,Troca de veículo,driver,,,07:49,07:49,0,,,0,1,1,,9,10,,,False,False,,,Aceitar com warning se os tempos estiverem aderentes a operacao real.,Motorista troca de veículo entre blocos distintos da mesma jornada.
448,9,9,Operador não atribuído (D9),True,05:54,14:44,14,normal_break,Intervalo normal,driver,,,07:49,13:00,311,,,0,1,1,,9,10,,,False,False,,,Aceitar com warning se os tempos estiverem aderentes a operacao real.,
448,9,9,Operador não atribuído (D9),True,05:54,14:44,15,commercial_trip,Viagem,trip,1067,IDA,13:00,13:42,42,5584,5584,1,1,2,10,,,7,1,False,False,,,Aceitar com warning se os tempos estiverem aderentes a operacao real.,Segmento operacional agrupado com 2 viagens reais.
448,9,9,Operador não atribuído (D9),True,05:54,14:44,15,commercial_trip,Viagem,trip,1067,VOLTA,13:42,14:09,27,5591,5591,1,2,1,10,,,8,2,False,False,,,Aceitar com warning se os tempos estiverem aderentes a operacao real.,Segmento operacional agrupado com 2 viagens reais.
448,9,9,Operador não atribuído (D9),True,05:54,14:44,16,driver_vehicle_change,Troca de veículo,driver,,,14:09,14:09,0,,,0,1,1,,10,1,,,False,False,,,Aceitar com warning se os tempos estiverem aderentes a operacao real.,Motorista troca de veículo entre blocos distintos da mesma jornada.
448,9,9,Operador não atribuído (D9),True,05:54,14:44,17,driver_vehicle_change,Troca de veículo,driver,,,14:09,14:09,0,,,0,1,1,,10,1,,,False,False,,,Aceitar com warning se os tempos estiverem aderentes a operacao real.,Motorista troca de veículo entre blocos distintos da mesma jornada.
448,9,9,Operador não atribuído (D9),True,05:54,14:44,18,normal_break,Intervalo normal,driver,,,14:09,14:23,14,,,0,1,1,,10,1,,,False,False,,,Aceitar com warning se os tempos estiverem aderentes a operacao real.,
448,9,9,Operador não atribuído (D9),True,05:54,14:44,19,commercial_trip,Viagem,trip,1048,IDA,14:23,14:36,13,5598,5598,1,1,2,1,,,9,1,False,False,,,Aceitar com warning se os tempos estiverem aderentes a operacao real.,Segmento operacional agrupado com 2 viagens reais.
448,9,9,Operador não atribuído (D9),True,05:54,14:44,19,commercial_trip,Viagem,trip,1048,VOLTA,14:36,14:44,8,5600,5600,1,2,1,1,,,10,2,False,False,,,Aceitar com warning se os tempos estiverem aderentes a operacao real.,Segmento operacional agrupado com 2 viagens reais.
448,9,9,Operador não atribuído (D9),True,05:54,14:44,20,duty_end,Fim de jornada,driver,,,14:44,14:44,0,,,0,1,1,,,,,,False,False,,,Aceitar com warning se os tempos estiverem aderentes a operacao real.,
448,10,10,Operador não atribuído (D10),True,06:09,15:08,1,duty_start,Início de jornada,driver,,,06:09,06:09,0,,,0,1,1,,,,,,True,True,,,Aceitar com warning se os tempos estiverem aderentes a operacao real.,
448,10,10,Operador não atribuído (D10),True,06:09,15:08,2,pullout,Soltura,driver,,,06:09,06:19,10,,,0,1,1,,,,,,True,True,,,Aceitar com warning se os tempos estiverem aderentes a operacao real.,
448,10,10,Operador não atribuído (D10),True,06:09,15:08,3,commercial_trip,Viagem,trip,1048,IDA,06:19,06:30,11,5458,5458,1,1,2,10,,,1,1,True,True,,,Aceitar com warning se os tempos estiverem aderentes a operacao real.,Segmento operacional agrupado com 2 viagens reais.
448,10,10,Operador não atribuído (D10),True,06:09,15:08,3,commercial_trip,Viagem,trip,1048,VOLTA,06:30,06:37,7,5461,5461,1,2,1,10,,,2,2,True,True,,,Aceitar com warning se os tempos estiverem aderentes a operacao real.,Segmento operacional agrupado com 2 viagens reais.
448,10,10,Operador não atribuído (D10),True,06:09,15:08,4,driver_vehicle_change,Troca de veículo,driver,,,06:37,06:37,0,,,0,1,1,,10,5,,,True,True,,,Aceitar com warning se os tempos estiverem aderentes a operacao real.,Motorista troca de veículo entre blocos distintos da mesma jornada.
448,10,10,Operador não atribuído (D10),True,06:09,15:08,5,driver_vehicle_change,Troca de veículo,driver,,,06:37,06:37,0,,,0,1,1,,10,5,,,True,True,,,Aceitar com warning se os tempos estiverem aderentes a operacao real.,Motorista troca de veículo entre blocos distintos da mesma jornada.
448,10,10,Operador não atribuído (D10),True,06:09,15:08,6,normal_break,Intervalo normal,driver,,,06:37,07:00,23,,,0,1,1,,10,5,,,True,True,,,Aceitar com warning se os tempos estiverem aderentes a operacao real.,
448,10,10,Operador não atribuído (D10),True,06:09,15:08,7,commercial_trip,Viagem,trip,1067,IDA,07:00,07:47,47,5489,5489,1,1,2,5,,,3,1,True,True,,,Aceitar com warning se os tempos estiverem aderentes a operacao real.,Segmento operacional agrupado com 2 viagens reais.
448,10,10,Operador não atribuído (D10),True,06:09,15:08,7,commercial_trip,Viagem,trip,1067,VOLTA,07:47,08:16,29,5500,5500,1,2,1,5,,,4,2,True,True,,,Aceitar com warning se os tempos estiverem aderentes a operacao real.,Segmento operacional agrupado com 2 viagens reais.
448,10,10,Operador não atribuído (D10),True,06:09,15:08,8,driver_vehicle_change,Troca de veículo,driver,,,08:16,08:16,0,,,0,1,1,,5,9,,,True,True,,,Aceitar com warning se os tempos estiverem aderentes a operacao real.,Motorista troca de veículo entre blocos distintos da mesma jornada.
448,10,10,Operador não atribuído (D10),True,06:09,15:08,9,driver_vehicle_change,Troca de veículo,driver,,,08:16,08:16,0,,,0,1,1,,5,9,,,True,True,,,Aceitar com warning se os tempos estiverem aderentes a operacao real.,Motorista troca de veículo entre blocos distintos da mesma jornada.
448,10,10,Operador não atribuído (D10),True,06:09,15:08,10,normal_break,Intervalo normal,driver,,,08:16,08:35,19,,,0,1,1,,5,9,,,True,True,,,Aceitar com warning se os tempos estiverem aderentes a operacao real.,
448,10,10,Operador não atribuído (D10),True,06:09,15:08,11,commercial_trip,Viagem,trip,1042,IDA,08:35,08:52,17,5510,5510,1,1,2,9,,,5,1,True,True,,,Aceitar com warning se os tempos estiverem aderentes a operacao real.,Segmento operacional agrupado com 2 viagens reais.
448,10,10,Operador não atribuído (D10),True,06:09,15:08,11,commercial_trip,Viagem,trip,1042,VOLTA,08:52,09:05,13,5513,5513,1,2,1,9,,,6,2,True,True,,,Aceitar com warning se os tempos estiverem aderentes a operacao real.,Segmento operacional agrupado com 2 viagens reais.
448,10,10,Operador não atribuído (D10),True,06:09,15:08,12,driver_vehicle_change,Troca de veículo,driver,,,09:05,09:05,0,,,0,1,1,,9,1,,,True,True,,,Aceitar com warning se os tempos estiverem aderentes a operacao real.,Motorista troca de veículo entre blocos distintos da mesma jornada.
448,10,10,Operador não atribuído (D10),True,06:09,15:08,13,driver_vehicle_change,Troca de veículo,driver,,,09:05,09:05,0,,,0,1,1,,9,1,,,True,True,,,Aceitar com warning se os tempos estiverem aderentes a operacao real.,Motorista troca de veículo entre blocos distintos da mesma jornada.
448,10,10,Operador não atribuído (D10),True,06:09,15:08,14,normal_break,Intervalo normal,driver,,,09:05,09:15,10,,,0,1,1,,9,1,,,True,True,,,Aceitar com warning se os tempos estiverem aderentes a operacao real.,
448,10,10,Operador não atribuído (D10),True,06:09,15:08,15,commercial_trip,Viagem,trip,1067,IDA,09:15,09:58,43,5528,5528,1,1,2,1,,,7,1,True,True,,,Aceitar com warning se os tempos estiverem aderentes a operacao real.,Segmento operacional agrupado com 2 viagens reais.
448,10,10,Operador não atribuído (D10),True,06:09,15:08,15,commercial_trip,Viagem,trip,1067,VOLTA,09:58,10:24,26,5536,5536,1,2,1,1,,,8,2,True,True,,,Aceitar com warning se os tempos estiverem aderentes a operacao real.,Segmento operacional agrupado com 2 viagens reais.
448,10,10,Operador não atribuído (D10),True,06:09,15:08,16,driver_vehicle_change,Troca de veículo,driver,,,10:24,10:24,0,,,0,1,1,,1,4,,,True,True,,,Aceitar com warning se os tempos estiverem aderentes a operacao real.,Motorista troca de veículo entre blocos distintos da mesma jornada.
448,10,10,Operador não atribuído (D10),True,06:09,15:08,17,driver_vehicle_change,Troca de veículo,driver,,,10:24,10:24,0,,,0,1,1,,1,4,,,True,True,,,Aceitar com warning se os tempos estiverem aderentes a operacao real.,Motorista troca de veículo entre blocos distintos da mesma jornada.
448,10,10,Operador não atribuído (D10),True,06:09,15:08,18,normal_break,Intervalo normal,driver,,,10:24,10:35,11,,,0,1,1,,1,4,,,True,True,,,Aceitar com warning se os tempos estiverem aderentes a operacao real.,
448,10,10,Operador não atribuído (D10),True,06:09,15:08,19,commercial_trip,Viagem,trip,1042,IDA,10:35,10:52,17,5543,5543,1,1,2,4,,,9,1,True,True,,,Aceitar com warning se os tempos estiverem aderentes a operacao real.,Segmento operacional agrupado com 2 viagens reais.
448,10,10,Operador não atribuído (D10),True,06:09,15:08,19,commercial_trip,Viagem,trip,1042,VOLTA,10:52,11:04,12,5545,5545,1,2,1,4,,,10,2,True,True,,,Aceitar com warning se os tempos estiverem aderentes a operacao real.,Segmento operacional agrupado com 2 viagens reais.
448,10,10,Operador não atribuído (D10),True,06:09,15:08,20,driver_vehicle_change,Troca de veículo,driver,,,11:04,11:04,0,,,0,1,1,,4,2,,,True,True,,,Aceitar com warning se os tempos estiverem aderentes a operacao real.,Motorista troca de veículo entre blocos distintos da mesma jornada.
448,10,10,Operador não atribuído (D10),True,06:09,15:08,21,driver_vehicle_change,Troca de veículo,driver,,,11:04,11:04,0,,,0,1,1,,4,2,,,True,True,,,Aceitar com warning se os tempos estiverem aderentes a operacao real.,Motorista troca de veículo entre blocos distintos da mesma jornada.
448,10,10,Operador não atribuído (D10),True,06:09,15:08,22,normal_break,Intervalo normal,driver,,,11:04,11:35,31,,,0,1,1,,4,2,,,True,True,,,Aceitar com warning se os tempos estiverem aderentes a operacao real.,
448,10,10,Operador não atribuído (D10),True,06:09,15:08,23,commercial_trip,Viagem,trip,1048,IDA,11:35,11:48,13,5557,5557,1,1,2,2,,,11,1,True,True,,,Aceitar com warning se os tempos estiverem aderentes a operacao real.,Segmento operacional agrupado com 2 viagens reais.
448,10,10,Operador não atribuído (D10),True,06:09,15:08,23,commercial_trip,Viagem,trip,1048,VOLTA,11:48,11:57,9,5558,5558,1,2,1,2,,,12,2,True,True,,,Aceitar com warning se os tempos estiverem aderentes a operacao real.,Segmento operacional agrupado com 2 viagens reais.
448,10,10,Operador não atribuído (D10),True,06:09,15:08,24,driver_vehicle_change,Troca de veículo,driver,,,11:57,11:57,0,,,0,1,1,,2,5,,,True,True,,,Aceitar com warning se os tempos estiverem aderentes a operacao real.,Motorista troca de veículo entre blocos distintos da mesma jornada.
448,10,10,Operador não atribuído (D10),True,06:09,15:08,25,driver_vehicle_change,Troca de veículo,driver,,,11:57,11:57,0,,,0,1,1,,2,5,,,True,True,,,Aceitar com warning se os tempos estiverem aderentes a operacao real.,Motorista troca de veículo entre blocos distintos da mesma jornada.
448,10,10,Operador não atribuído (D10),True,06:09,15:08,26,normal_break,Intervalo normal,driver,,,11:57,12:10,13,,,0,1,1,,2,5,,,True,True,,,Aceitar com warning se os tempos estiverem aderentes a operacao real.,
448,10,10,Operador não atribuído (D10),True,06:09,15:08,27,commercial_trip,Viagem,trip,1067,IDA,12:10,12:50,40,5571,5571,1,1,2,5,,,13,1,True,True,,,Aceitar com warning se os tempos estiverem aderentes a operacao real.,Segmento operacional agrupado com 2 viagens reais.
448,10,10,Operador não atribuído (D10),True,06:09,15:08,27,commercial_trip,Viagem,trip,1067,VOLTA,12:50,13:16,26,5579,5579,1,2,1,5,,,14,2,True,True,,,Aceitar com warning se os tempos estiverem aderentes a operacao real.,Segmento operacional agrupado com 2 viagens reais.
448,10,10,Operador não atribuído (D10),True,06:09,15:08,28,mandatory_rest,Descanso obrigatório,driver,,,13:16,14:10,54,,,0,1,1,,5,5,,,True,True,,,Aceitar com warning se os tempos estiverem aderentes a operacao real.,
448,10,10,Operador não atribuído (D10),True,06:09,15:08,29,commercial_trip,Viagem,trip,1042,IDA,14:10,14:26,16,5595,5595,1,1,2,5,,,15,1,True,True,,,Aceitar com warning se os tempos estiverem aderentes a operacao real.,Segmento operacional agrupado com 2 viagens reais.
448,10,10,Operador não atribuído (D10),True,06:09,15:08,29,commercial_trip,Viagem,trip,1042,VOLTA,14:26,14:37,11,5599,5599,1,2,1,5,,,16,2,True,True,,,Aceitar com warning se os tempos estiverem aderentes a operacao real.,Segmento operacional agrupado com 2 viagens reais.
448,10,10,Operador não atribuído (D10),True,06:09,15:08,30,normal_break,Intervalo normal,driver,,,14:37,14:47,10,,,0,1,1,,5,5,,,True,True,,,Aceitar com warning se os tempos estiverem aderentes a operacao real.,
448,10,10,Operador não atribuído (D10),True,06:09,15:08,31,commercial_trip,Viagem,trip,1048,IDA,14:47,15:00,13,5604,5604,1,1,2,5,,,17,1,True,True,,,Aceitar com warning se os tempos estiverem aderentes a operacao real.,Segmento operacional agrupado com 2 viagens reais.
448,10,10,Operador não atribuído (D10),True,06:09,15:08,31,commercial_trip,Viagem,trip,1048,VOLTA,15:00,15:08,8,5606,5606,1,2,1,5,,,18,2,True,True,,,Aceitar com warning se os tempos estiverem aderentes a operacao real.,Segmento operacional agrupado com 2 viagens reais.
448,10,10,Operador não atribuído (D10),True,06:09,15:08,32,duty_end,Fim de jornada,driver,,,15:08,15:08,0,,,0,1,1,,,,,,True,True,,,Aceitar com warning se os tempos estiverem aderentes a operacao real.,
448,11,11,Operador não atribuído (D11),True,06:20,14:59,1,duty_start,Início de jornada,driver,,,06:20,06:20,0,,,0,1,1,,,,,,True,True,,,Aceitar com warning se os tempos estiverem aderentes a operacao real.,
448,11,11,Operador não atribuído (D11),True,06:20,14:59,2,pullout,Soltura,driver,,,06:20,06:30,10,,,0,1,1,,,,,,True,True,,,Aceitar com warning se os tempos estiverem aderentes a operacao real.,
448,11,11,Operador não atribuído (D11),True,06:20,14:59,3,commercial_trip,Viagem,trip,1067,IDA,06:30,07:16,46,5477,5477,1,1,2,11,,,1,1,True,True,,,Aceitar com warning se os tempos estiverem aderentes a operacao real.,Segmento operacional agrupado com 2 viagens reais.
448,11,11,Operador não atribuído (D11),True,06:20,14:59,3,commercial_trip,Viagem,trip,1067,VOLTA,07:16,07:49,33,5490,5490,1,2,1,11,,,2,2,True,True,,,Aceitar com warning se os tempos estiverem aderentes a operacao real.,Segmento operacional agrupado com 2 viagens reais.
448,11,11,Operador não atribuído (D11),True,06:20,14:59,4,driver_vehicle_change,Troca de veículo,driver,,,07:49,07:49,0,,,0,1,1,,11,9,,,True,True,,,Aceitar com warning se os tempos estiverem aderentes a operacao real.,Motorista troca de veículo entre blocos distintos da mesma jornada.
448,11,11,Operador não atribuído (D11),True,06:20,14:59,5,driver_vehicle_change,Troca de veículo,driver,,,07:49,07:49,0,,,0,1,1,,11,9,,,True,True,,,Aceitar com warning se os tempos estiverem aderentes a operacao real.,Motorista troca de veículo entre blocos distintos da mesma jornada.
448,11,11,Operador não atribuído (D11),True,06:20,14:59,6,normal_break,Intervalo normal,driver,,,07:49,07:59,10,,,0,1,1,,11,9,,,True,True,,,Aceitar com warning se os tempos estiverem aderentes a operacao real.,
448,11,11,Operador não atribuído (D11),True,06:20,14:59,7,commercial_trip,Viagem,trip,1048,IDA,07:59,08:11,12,5499,5499,1,1,2,9,,,3,1,True,True,,,Aceitar com warning se os tempos estiverem aderentes a operacao real.,Segmento operacional agrupado com 2 viagens reais.
448,11,11,Operador não atribuído (D11),True,06:20,14:59,7,commercial_trip,Viagem,trip,1048,VOLTA,08:11,08:19,8,5501,5501,1,2,1,9,,,4,2,True,True,,,Aceitar com warning se os tempos estiverem aderentes a operacao real.,Segmento operacional agrupado com 2 viagens reais.
448,11,11,Operador não atribuído (D11),True,06:20,14:59,8,driver_vehicle_change,Troca de veículo,driver,,,08:19,08:19,0,,,0,1,1,,9,5,,,True,True,,,Aceitar com warning se os tempos estiverem aderentes a operacao real.,Motorista troca de veículo entre blocos distintos da mesma jornada.
448,11,11,Operador não atribuído (D11),True,06:20,14:59,9,driver_vehicle_change,Troca de veículo,driver,,,08:19,08:19,0,,,0,1,1,,9,5,,,True,True,,,Aceitar com warning se os tempos estiverem aderentes a operacao real.,Motorista troca de veículo entre blocos distintos da mesma jornada.
448,11,11,Operador não atribuído (D11),True,06:20,14:59,10,normal_break,Intervalo normal,driver,,,08:19,08:50,31,,,0,1,1,,9,5,,,True,True,,,Aceitar com warning se os tempos estiverem aderentes a operacao real.,
448,11,11,Operador não atribuído (D11),True,06:20,14:59,11,commercial_trip,Viagem,trip,1067,IDA,08:50,09:34,44,5522,5522,1,1,2,5,,,5,1,True,True,,,Aceitar com warning se os tempos estiverem aderentes a operacao real.,Segmento operacional agrupado com 2 viagens reais.
448,11,11,Operador não atribuído (D11),True,06:20,14:59,11,commercial_trip,Viagem,trip,1067,VOLTA,09:34,10:00,26,5529,5529,1,2,1,5,,,6,2,True,True,,,Aceitar com warning se os tempos estiverem aderentes a operacao real.,Segmento operacional agrupado com 2 viagens reais.
448,11,11,Operador não atribuído (D11),True,06:20,14:59,12,driver_vehicle_change,Troca de veículo,driver,,,10:00,10:00,0,,,0,1,1,,5,3,,,True,True,,,Aceitar com warning se os tempos estiverem aderentes a operacao real.,Motorista troca de veículo entre blocos distintos da mesma jornada.
448,11,11,Operador não atribuído (D11),True,06:20,14:59,13,driver_vehicle_change,Troca de veículo,driver,,,10:00,10:00,0,,,0,1,1,,5,3,,,True,True,,,Aceitar com warning se os tempos estiverem aderentes a operacao real.,Motorista troca de veículo entre blocos distintos da mesma jornada.
448,11,11,Operador não atribuído (D11),True,06:20,14:59,14,normal_break,Intervalo normal,driver,,,10:00,10:15,15,,,0,1,1,,5,3,,,True,True,,,Aceitar com warning se os tempos estiverem aderentes a operacao real.,
448,11,11,Operador não atribuído (D11),True,06:20,14:59,15,commercial_trip,Viagem,trip,1042,IDA,10:15,10:32,17,5537,5537,1,1,2,3,,,7,1,True,True,,,Aceitar com warning se os tempos estiverem aderentes a operacao real.,Segmento operacional agrupado com 2 viagens reais.
448,11,11,Operador não atribuído (D11),True,06:20,14:59,15,commercial_trip,Viagem,trip,1042,VOLTA,10:32,10:44,12,5539,5539,1,2,1,3,,,8,2,True,True,,,Aceitar com warning se os tempos estiverem aderentes a operacao real.,Segmento operacional agrupado com 2 viagens reais.
448,11,11,Operador não atribuído (D11),True,06:20,14:59,16,driver_vehicle_change,Troca de veículo,driver,,,10:44,10:44,0,,,0,1,1,,3,2,,,True,True,,,Aceitar com warning se os tempos estiverem aderentes a operacao real.,Motorista troca de veículo entre blocos distintos da mesma jornada.
448,11,11,Operador não atribuído (D11),True,06:20,14:59,17,driver_vehicle_change,Troca de veículo,driver,,,10:44,10:44,0,,,0,1,1,,3,2,,,True,True,,,Aceitar com warning se os tempos estiverem aderentes a operacao real.,Motorista troca de veículo entre blocos distintos da mesma jornada.
448,11,11,Operador não atribuído (D11),True,06:20,14:59,18,normal_break,Intervalo normal,driver,,,10:44,10:55,11,,,0,1,1,,3,2,,,True,True,,,Aceitar com warning se os tempos estiverem aderentes a operacao real.,
448,11,11,Operador não atribuído (D11),True,06:20,14:59,19,commercial_trip,Viagem,trip,1042,IDA,10:55,11:12,17,5548,5548,1,1,2,2,,,9,1,True,True,,,Aceitar com warning se os tempos estiverem aderentes a operacao real.,Segmento operacional agrupado com 2 viagens reais.
448,11,11,Operador não atribuído (D11),True,06:20,14:59,19,commercial_trip,Viagem,trip,1042,VOLTA,11:12,11:24,12,5551,5551,1,2,1,2,,,10,2,True,True,,,Aceitar com warning se os tempos estiverem aderentes a operacao real.,Segmento operacional agrupado com 2 viagens reais.
448,11,11,Operador não atribuído (D11),True,06:20,14:59,20,driver_vehicle_change,Troca de veículo,driver,,,11:24,11:24,0,,,0,1,1,,2,12,,,True,True,,,Aceitar com warning se os tempos estiverem aderentes a operacao real.,Motorista troca de veículo entre blocos distintos da mesma jornada.
448,11,11,Operador não atribuído (D11),True,06:20,14:59,21,driver_vehicle_change,Troca de veículo,driver,,,11:24,11:24,0,,,0,1,1,,2,12,,,True,True,,,Aceitar com warning se os tempos estiverem aderentes a operacao real.,Motorista troca de veículo entre blocos distintos da mesma jornada.
448,11,11,Operador não atribuído (D11),True,06:20,14:59,22,normal_break,Intervalo normal,driver,,,11:24,11:40,16,,,0,1,1,,2,12,,,True,True,,,Aceitar com warning se os tempos estiverem aderentes a operacao real.,
448,11,11,Operador não atribuído (D11),True,06:20,14:59,23,commercial_trip,Viagem,trip,1042,IDA,11:40,11:59,19,5560,5560,1,1,2,12,,,11,1,True,True,,,Aceitar com warning se os tempos estiverem aderentes a operacao real.,Segmento operacional agrupado com 2 viagens reais.
448,11,11,Operador não atribuído (D11),True,06:20,14:59,23,commercial_trip,Viagem,trip,1042,VOLTA,11:59,12:11,12,5562,5562,1,2,1,12,,,12,2,True,True,,,Aceitar com warning se os tempos estiverem aderentes a operacao real.,Segmento operacional agrupado com 2 viagens reais.
448,11,11,Operador não atribuído (D11),True,06:20,14:59,24,normal_break,Intervalo normal,driver,,,12:11,12:23,12,,,0,1,1,,12,12,,,True,True,,,Aceitar com warning se os tempos estiverem aderentes a operacao real.,
448,11,11,Operador não atribuído (D11),True,06:20,14:59,25,commercial_trip,Viagem,trip,1048,IDA,12:23,12:37,14,5568,5568,1,1,2,12,,,13,1,True,True,,,Aceitar com warning se os tempos estiverem aderentes a operacao real.,Segmento operacional agrupado com 2 viagens reais.
448,11,11,Operador não atribuído (D11),True,06:20,14:59,25,commercial_trip,Viagem,trip,1048,VOLTA,12:37,12:45,8,5570,5570,1,2,1,12,,,14,2,True,True,,,Aceitar com warning se os tempos estiverem aderentes a operacao real.,Segmento operacional agrupado com 2 viagens reais.
448,11,11,Operador não atribuído (D11),True,06:20,14:59,26,mandatory_rest,Descanso obrigatório,driver,,,12:45,13:50,65,,,0,1,1,,12,12,,,True,True,,,Aceitar com warning se os tempos estiverem aderentes a operacao real.,
448,11,11,Operador não atribuído (D11),True,06:20,14:59,27,commercial_trip,Viagem,trip,1067,IDA,13:50,14:32,42,5596,5596,1,1,2,12,,,15,1,True,True,,,Aceitar com warning se os tempos estiverem aderentes a operacao real.,Segmento operacional agrupado com 2 viagens reais.
448,11,11,Operador não atribuído (D11),True,06:20,14:59,27,commercial_trip,Viagem,trip,1067,VOLTA,14:32,14:59,27,5603,5603,1,2,1,12,,,16,2,True,True,,,Aceitar com warning se os tempos estiverem aderentes a operacao real.,Segmento operacional agrupado com 2 viagens reais.
448,11,11,Operador não atribuído (D11),True,06:20,14:59,28,duty_end,Fim de jornada,driver,,,14:59,14:59,0,,,0,1,1,,,,,,True,True,,,Aceitar com warning se os tempos estiverem aderentes a operacao real.,
448,12,12,Operador não atribuído (D12),True,06:35,15:52,1,duty_start,Início de jornada,driver,,,06:35,06:35,0,,,0,1,1,,,,,,True,True,,,Aceitar com warning se os tempos estiverem aderentes a operacao real.,
448,12,12,Operador não atribuído (D12),True,06:35,15:52,2,pullout,Soltura,driver,,,06:35,06:45,10,,,0,1,1,,,,,,True,True,,,Aceitar com warning se os tempos estiverem aderentes a operacao real.,
448,12,12,Operador não atribuído (D12),True,06:35,15:52,3,commercial_trip,Viagem,trip,1067,IDA,06:45,07:31,46,5484,5484,1,1,2,12,,,1,1,True,True,,,Aceitar com warning se os tempos estiverem aderentes a operacao real.,Segmento operacional agrupado com 2 viagens reais.
448,12,12,Operador não atribuído (D12),True,06:35,15:52,3,commercial_trip,Viagem,trip,1067,VOLTA,07:31,08:00,29,5494,5494,1,2,1,12,,,2,2,True,True,,,Aceitar com warning se os tempos estiverem aderentes a operacao real.,Segmento operacional agrupado com 2 viagens reais.
448,12,12,Operador não atribuído (D12),True,06:35,15:52,4,driver_vehicle_change,Troca de veículo,driver,,,08:00,08:00,0,,,0,1,1,,12,6,,,True,True,,,Aceitar com warning se os tempos estiverem aderentes a operacao real.,Motorista troca de veículo entre blocos distintos da mesma jornada.
448,12,12,Operador não atribuído (D12),True,06:35,15:52,5,driver_vehicle_change,Troca de veículo,driver,,,08:00,08:00,0,,,0,1,1,,12,6,,,True,True,,,Aceitar com warning se os tempos estiverem aderentes a operacao real.,Motorista troca de veículo entre blocos distintos da mesma jornada.
448,12,12,Operador não atribuído (D12),True,06:35,15:52,6,normal_break,Intervalo normal,driver,,,08:00,08:15,15,,,0,1,1,,12,6,,,True,True,,,Aceitar com warning se os tempos estiverem aderentes a operacao real.,
448,12,12,Operador não atribuído (D12),True,06:35,15:52,7,commercial_trip,Viagem,trip,1042,IDA,08:15,08:32,17,5504,5504,1,1,2,6,,,3,1,True,True,,,Aceitar com warning se os tempos estiverem aderentes a operacao real.,Segmento operacional agrupado com 2 viagens reais.
448,12,12,Operador não atribuído (D12),True,06:35,15:52,7,commercial_trip,Viagem,trip,1042,VOLTA,08:32,08:45,13,5509,5509,1,2,1,6,,,4,2,True,True,,,Aceitar com warning se os tempos estiverem aderentes a operacao real.,Segmento operacional agrupado com 2 viagens reais.
448,12,12,Operador não atribuído (D12),True,06:35,15:52,8,normal_break,Intervalo normal,driver,,,08:45,08:55,10,,,0,1,1,,6,6,,,True,True,,,Aceitar com warning se os tempos estiverem aderentes a operacao real.,
448,12,12,Operador não atribuído (D12),True,06:35,15:52,9,commercial_trip,Viagem,trip,1042,IDA,08:55,09:12,17,5517,5517,1,1,2,6,,,5,1,True,True,,,Aceitar com warning se os tempos estiverem aderentes a operacao real.,Segmento operacional agrupado com 2 viagens reais.
448,12,12,Operador não atribuído (D12),True,06:35,15:52,9,commercial_trip,Viagem,trip,1042,VOLTA,09:12,09:24,12,5519,5519,1,2,1,6,,,6,2,True,True,,,Aceitar com warning se os tempos estiverem aderentes a operacao real.,Segmento operacional agrupado com 2 viagens reais.
448,12,12,Operador não atribuído (D12),True,06:35,15:52,10,driver_vehicle_change,Troca de veículo,driver,,,09:24,09:24,0,,,0,1,1,,6,2,,,True,True,,,Aceitar com warning se os tempos estiverem aderentes a operacao real.,Motorista troca de veículo entre blocos distintos da mesma jornada.
448,12,12,Operador não atribuído (D12),True,06:35,15:52,11,driver_vehicle_change,Troca de veículo,driver,,,09:24,09:24,0,,,0,1,1,,6,2,,,True,True,,,Aceitar com warning se os tempos estiverem aderentes a operacao real.,Motorista troca de veículo entre blocos distintos da mesma jornada.
448,12,12,Operador não atribuído (D12),True,06:35,15:52,12,normal_break,Intervalo normal,driver,,,09:24,09:35,11,,,0,1,1,,6,2,,,True,True,,,Aceitar com warning se os tempos estiverem aderentes a operacao real.,
448,12,12,Operador não atribuído (D12),True,06:35,15:52,13,commercial_trip,Viagem,trip,1042,IDA,09:35,09:51,16,5526,5526,1,1,2,2,,,7,1,True,True,,,Aceitar com warning se os tempos estiverem aderentes a operacao real.,Segmento operacional agrupado com 2 viagens reais.
448,12,12,Operador não atribuído (D12),True,06:35,15:52,13,commercial_trip,Viagem,trip,1042,VOLTA,09:51,10:03,12,5530,5530,1,2,1,2,,,8,2,True,True,,,Aceitar com warning se os tempos estiverem aderentes a operacao real.,Segmento operacional agrupado com 2 viagens reais.
448,12,12,Operador não atribuído (D12),True,06:35,15:52,14,normal_break,Intervalo normal,driver,,,10:03,10:23,20,,,0,1,1,,2,2,,,True,True,,,Aceitar com warning se os tempos estiverem aderentes a operacao real.,
448,12,12,Operador não atribuído (D12),True,06:35,15:52,15,commercial_trip,Viagem,trip,1048,IDA,10:23,10:37,14,5538,5538,1,1,2,2,,,9,1,True,True,,,Aceitar com warning se os tempos estiverem aderentes a operacao real.,Segmento operacional agrupado com 2 viagens reais.
448,12,12,Operador não atribuído (D12),True,06:35,15:52,15,commercial_trip,Viagem,trip,1048,VOLTA,10:37,10:45,8,5540,5540,1,2,1,2,,,10,2,True,True,,,Aceitar com warning se os tempos estiverem aderentes a operacao real.,Segmento operacional agrupado com 2 viagens reais.
448,12,12,Operador não atribuído (D12),True,06:35,15:52,16,driver_vehicle_change,Troca de veículo,driver,,,10:45,10:45,0,,,0,1,1,,2,6,,,True,True,,,Aceitar com warning se os tempos estiverem aderentes a operacao real.,Motorista troca de veículo entre blocos distintos da mesma jornada.
448,12,12,Operador não atribuído (D12),True,06:35,15:52,17,driver_vehicle_change,Troca de veículo,driver,,,10:45,10:45,0,,,0,1,1,,2,6,,,True,True,,,Aceitar com warning se os tempos estiverem aderentes a operacao real.,Motorista troca de veículo entre blocos distintos da mesma jornada.
448,12,12,Operador não atribuído (D12),True,06:35,15:52,18,normal_break,Intervalo normal,driver,,,10:45,11:15,30,,,0,1,1,,2,6,,,True,True,,,Aceitar com warning se os tempos estiverem aderentes a operacao real.,
448,12,12,Operador não atribuído (D12),True,06:35,15:52,19,commercial_trip,Viagem,trip,1042,IDA,11:15,11:34,19,5554,5554,1,1,2,6,,,11,1,True,True,,,Aceitar com warning se os tempos estiverem aderentes a operacao real.,Segmento operacional agrupado com 2 viagens reais.
448,12,12,Operador não atribuído (D12),True,06:35,15:52,19,commercial_trip,Viagem,trip,1042,VOLTA,11:34,11:46,12,5556,5556,1,2,1,6,,,12,2,True,True,,,Aceitar com warning se os tempos estiverem aderentes a operacao real.,Segmento operacional agrupado com 2 viagens reais.
448,12,12,Operador não atribuído (D12),True,06:35,15:52,20,driver_vehicle_change,Troca de veículo,driver,,,11:46,11:46,0,,,0,1,1,,6,10,,,True,True,,,Aceitar com warning se os tempos estiverem aderentes a operacao real.,Motorista troca de veículo entre blocos distintos da mesma jornada.
448,12,12,Operador não atribuído (D12),True,06:35,15:52,21,driver_vehicle_change,Troca de veículo,driver,,,11:46,11:46,0,,,0,1,1,,6,10,,,True,True,,,Aceitar com warning se os tempos estiverem aderentes a operacao real.,Motorista troca de veículo entre blocos distintos da mesma jornada.
448,12,12,Operador não atribuído (D12),True,06:35,15:52,22,normal_break,Intervalo normal,driver,,,11:46,12:05,19,,,0,1,1,,6,10,,,True,True,,,Aceitar com warning se os tempos estiverem aderentes a operacao real.,
448,12,12,Operador não atribuído (D12),True,06:35,15:52,23,commercial_trip,Viagem,trip,1042,IDA,12:05,12:25,20,5567,5567,1,1,2,10,,,13,1,True,True,,,Aceitar com warning se os tempos estiverem aderentes a operacao real.,Segmento operacional agrupado com 2 viagens reais.
448,12,12,Operador não atribuído (D12),True,06:35,15:52,23,commercial_trip,Viagem,trip,1042,VOLTA,12:25,12:39,14,5569,5569,1,2,1,10,,,14,2,True,True,,,Aceitar com warning se os tempos estiverem aderentes a operacao real.,Segmento operacional agrupado com 2 viagens reais.
448,12,12,Operador não atribuído (D12),True,06:35,15:52,24,driver_vehicle_change,Troca de veículo,driver,,,12:39,12:39,0,,,0,1,1,,10,3,,,True,True,,,Aceitar com warning se os tempos estiverem aderentes a operacao real.,Motorista troca de veículo entre blocos distintos da mesma jornada.
448,12,12,Operador não atribuído (D12),True,06:35,15:52,25,driver_vehicle_change,Troca de veículo,driver,,,12:39,12:39,0,,,0,1,1,,10,3,,,True,True,,,Aceitar com warning se os tempos estiverem aderentes a operacao real.,Motorista troca de veículo entre blocos distintos da mesma jornada.
448,12,12,Operador não atribuído (D12),True,06:35,15:52,26,mandatory_rest,Descanso obrigatório,driver,,,12:39,13:45,66,,,0,1,1,,10,3,,,True,True,,,Aceitar com warning se os tempos estiverem aderentes a operacao real.,
448,12,12,Operador não atribuído (D12),True,06:35,15:52,27,commercial_trip,Viagem,trip,1042,IDA,13:45,14:03,18,5589,5589,1,1,2,3,,,15,1,True,True,,,Aceitar com warning se os tempos estiverem aderentes a operacao real.,Segmento operacional agrupado com 2 viagens reais.
448,12,12,Operador não atribuído (D12),True,06:35,15:52,27,commercial_trip,Viagem,trip,1042,VOLTA,14:03,14:14,11,5593,5593,1,2,1,3,,,16,2,True,True,,,Aceitar com warning se os tempos estiverem aderentes a operacao real.,Segmento operacional agrupado com 2 viagens reais.
448,12,12,Operador não atribuído (D12),True,06:35,15:52,28,driver_vehicle_change,Troca de veículo,driver,,,14:14,14:14,0,,,0,1,1,,3,2,,,True,True,,,Aceitar com warning se os tempos estiverem aderentes a operacao real.,Motorista troca de veículo entre blocos distintos da mesma jornada.
448,12,12,Operador não atribuído (D12),True,06:35,15:52,29,driver_vehicle_change,Troca de veículo,driver,,,14:14,14:14,0,,,0,1,1,,3,2,,,True,True,,,Aceitar com warning se os tempos estiverem aderentes a operacao real.,Motorista troca de veículo entre blocos distintos da mesma jornada.
448,12,12,Operador não atribuído (D12),True,06:35,15:52,30,normal_break,Intervalo normal,driver,,,14:14,14:35,21,,,0,1,1,,3,2,,,True,True,,,Aceitar com warning se os tempos estiverem aderentes a operacao real.,
448,12,12,Operador não atribuído (D12),True,06:35,15:52,31,commercial_trip,Viagem,trip,1042,IDA,14:35,14:51,16,5601,5601,1,1,2,2,,,17,1,True,True,,,Aceitar com warning se os tempos estiverem aderentes a operacao real.,Segmento operacional agrupado com 2 viagens reais.
448,12,12,Operador não atribuído (D12),True,06:35,15:52,31,commercial_trip,Viagem,trip,1042,VOLTA,14:51,15:02,11,5605,5605,1,2,1,2,,,18,2,True,True,,,Aceitar com warning se os tempos estiverem aderentes a operacao real.,Segmento operacional agrupado com 2 viagens reais.
448,12,12,Operador não atribuído (D12),True,06:35,15:52,32,driver_vehicle_change,Troca de veículo,driver,,,15:02,15:02,0,,,0,1,1,,2,3,,,True,True,,,Aceitar com warning se os tempos estiverem aderentes a operacao real.,Motorista troca de veículo entre blocos distintos da mesma jornada.
448,12,12,Operador não atribuído (D12),True,06:35,15:52,33,driver_vehicle_change,Troca de veículo,driver,,,15:02,15:02,0,,,0,1,1,,2,3,,,True,True,,,Aceitar com warning se os tempos estiverem aderentes a operacao real.,Motorista troca de veículo entre blocos distintos da mesma jornada.
448,12,12,Operador não atribuído (D12),True,06:35,15:52,34,normal_break,Intervalo normal,driver,,,15:02,15:25,23,,,0,1,1,,2,3,,,True,True,,,Aceitar com warning se os tempos estiverem aderentes a operacao real.,
448,12,12,Operador não atribuído (D12),True,06:35,15:52,35,commercial_trip,Viagem,trip,1042,IDA,15:25,15:42,17,5613,5613,1,1,2,3,,,19,1,True,True,,,Aceitar com warning se os tempos estiverem aderentes a operacao real.,Segmento operacional agrupado com 2 viagens reais.
448,12,12,Operador não atribuído (D12),True,06:35,15:52,35,commercial_trip,Viagem,trip,1042,VOLTA,15:42,15:52,10,5618,5618,1,2,1,3,,,20,2,True,True,,,Aceitar com warning se os tempos estiverem aderentes a operacao real.,Segmento operacional agrupado com 2 viagens reais.
448,12,12,Operador não atribuído (D12),True,06:35,15:52,36,duty_end,Fim de jornada,driver,,,15:52,15:52,0,,,0,1,1,,,,,,True,True,,,Aceitar com warning se os tempos estiverem aderentes a operacao real.,
448,13,13,Operador não atribuído (D13),True,13:15,14:44,1,duty_start,Início de jornada,driver,,,13:15,13:15,0,,,0,2,2,,,,,,False,False,,,Aceitar com warning se os tempos estiverem aderentes a operacao real.,
448,13,13,Operador não atribuído (D13),True,13:15,14:44,2,pullout,Soltura,driver,,,13:15,13:25,10,,,0,2,2,,,,,,False,False,,,Aceitar com warning se os tempos estiverem aderentes a operacao real.,
448,13,13,Operador não atribuído (D13),True,13:15,14:44,3,commercial_trip,Viagem,trip,1067,IDA,13:25,14:07,42,5590,5590,1,2,1,14,,,1,1,False,False,,,Aceitar com warning se os tempos estiverem aderentes a operacao real.,Segmento operacional agrupado com 2 viagens reais.
448,13,13,Operador não atribuído (D13),True,13:15,14:44,3,commercial_trip,Viagem,trip,1067,VOLTA,14:07,14:34,27,5597,5597,1,1,2,14,,,2,2,False,False,,,Aceitar com warning se os tempos estiverem aderentes a operacao real.,Segmento operacional agrupado com 2 viagens reais.
448,13,13,Operador não atribuído (D13),True,13:15,14:44,4,pullback,Recolhimento,driver,,,14:34,14:44,10,,,0,2,2,,,,,,False,False,,,Aceitar com warning se os tempos estiverem aderentes a operacao real.,
448,13,13,Operador não atribuído (D13),True,13:15,14:44,5,duty_end,Fim de jornada,driver,,,14:44,14:44,0,,,0,2,2,,,,,,False,False,,,Aceitar com warning se os tempos estiverem aderentes a operacao real.,
448,14,14,Operador não atribuído (D14),True,11:11,20:25,1,duty_start,Início de jornada,driver,,,11:11,11:11,0,,,0,1,1,,,,,,True,True,,,Aceitar com warning se os tempos estiverem aderentes a operacao real.,
448,14,14,Operador não atribuído (D14),True,11:11,20:25,2,commercial_trip,Viagem,trip,1048,IDA,11:11,11:24,13,5550,5550,1,1,2,7,,,1,1,True,True,,,Aceitar com warning se os tempos estiverem aderentes a operacao real.,Segmento operacional agrupado com 2 viagens reais.
448,14,14,Operador não atribuído (D14),True,11:11,20:25,2,commercial_trip,Viagem,trip,1048,VOLTA,11:24,11:33,9,5552,5552,1,2,1,7,,,2,2,True,True,,,Aceitar com warning se os tempos estiverem aderentes a operacao real.,Segmento operacional agrupado com 2 viagens reais.
448,14,14,Operador não atribuído (D14),True,11:11,20:25,3,driver_vehicle_change,Troca de veículo,driver,,,11:33,11:33,0,,,0,1,1,,7,4,,,True,True,,,Aceitar com warning se os tempos estiverem aderentes a operacao real.,Motorista troca de veículo entre blocos distintos da mesma jornada.
448,14,14,Operador não atribuído (D14),True,11:11,20:25,4,driver_vehicle_change,Troca de veículo,driver,,,11:33,11:33,0,,,0,1,1,,7,4,,,True,True,,,Aceitar com warning se os tempos estiverem aderentes a operacao real.,Motorista troca de veículo entre blocos distintos da mesma jornada.
448,14,14,Operador não atribuído (D14),True,11:11,20:25,5,normal_break,Intervalo normal,driver,,,11:33,14:15,162,,,0,1,1,,7,4,,,True,True,,,Aceitar com warning se os tempos estiverem aderentes a operacao real.,
448,14,14,Operador não atribuído (D14),True,11:11,20:25,6,commercial_trip,Viagem,trip,1067,IDA,14:15,14:57,42,5602,5602,1,1,2,4,,,3,1,True,True,,,Aceitar com warning se os tempos estiverem aderentes a operacao real.,Segmento operacional agrupado com 2 viagens reais.
448,14,14,Operador não atribuído (D14),True,11:11,20:25,6,commercial_trip,Viagem,trip,1067,VOLTA,14:57,15:24,27,5610,5610,1,2,1,4,,,4,2,True,True,,,Aceitar com warning se os tempos estiverem aderentes a operacao real.,Segmento operacional agrupado com 2 viagens reais.
448,14,14,Operador não atribuído (D14),True,11:11,20:25,7,driver_vehicle_change,Troca de veículo,driver,,,15:24,15:24,0,,,0,1,1,,4,12,,,True,True,,,Aceitar com warning se os tempos estiverem aderentes a operacao real.,Motorista troca de veículo entre blocos distintos da mesma jornada.
448,14,14,Operador não atribuído (D14),True,11:11,20:25,8,driver_vehicle_change,Troca de veículo,driver,,,15:24,15:24,0,,,0,1,1,,4,12,,,True,True,,,Aceitar com warning se os tempos estiverem aderentes a operacao real.,Motorista troca de veículo entre blocos distintos da mesma jornada.
448,14,14,Operador não atribuído (D14),True,11:11,20:25,9,normal_break,Intervalo normal,driver,,,15:24,15:50,26,,,0,1,1,,4,12,,,True,True,,,Aceitar com warning se os tempos estiverem aderentes a operacao real.,
448,14,14,Operador não atribuído (D14),True,11:11,20:25,10,commercial_trip,Viagem,trip,1042,IDA,15:50,16:07,17,5620,5620,1,1,2,12,,,5,1,True,True,,,Aceitar com warning se os tempos estiverem aderentes a operacao real.,Segmento operacional agrupado com 2 viagens reais.
448,14,14,Operador não atribuído (D14),True,11:11,20:25,10,commercial_trip,Viagem,trip,1042,VOLTA,16:07,16:18,11,5624,5624,1,2,1,12,,,6,2,True,True,,,Aceitar com warning se os tempos estiverem aderentes a operacao real.,Segmento operacional agrupado com 2 viagens reais.
448,14,14,Operador não atribuído (D14),True,11:11,20:25,11,driver_vehicle_change,Troca de veículo,driver,,,16:18,16:18,0,,,0,1,1,,12,10,,,True,True,,,Aceitar com warning se os tempos estiverem aderentes a operacao real.,Motorista troca de veículo entre blocos distintos da mesma jornada.
448,14,14,Operador não atribuído (D14),True,11:11,20:25,12,driver_vehicle_change,Troca de veículo,driver,,,16:18,16:18,0,,,0,1,1,,12,10,,,True,True,,,Aceitar com warning se os tempos estiverem aderentes a operacao real.,Motorista troca de veículo entre blocos distintos da mesma jornada.
448,14,14,Operador não atribuído (D14),True,11:11,20:25,13,normal_break,Intervalo normal,driver,,,16:18,16:40,22,,,0,1,1,,12,10,,,True,True,,,Aceitar com warning se os tempos estiverem aderentes a operacao real.,
448,14,14,Operador não atribuído (D14),True,11:11,20:25,14,commercial_trip,Viagem,trip,1042,IDA,16:40,16:58,18,5633,5633,1,1,2,10,,,7,1,True,True,,,Aceitar com warning se os tempos estiverem aderentes a operacao real.,Segmento operacional agrupado com 2 viagens reais.
448,14,14,Operador não atribuído (D14),True,11:11,20:25,14,commercial_trip,Viagem,trip,1042,VOLTA,16:58,17:09,11,5637,5637,1,2,1,10,,,8,2,True,True,,,Aceitar com warning se os tempos estiverem aderentes a operacao real.,Segmento operacional agrupado com 2 viagens reais.
448,14,14,Operador não atribuído (D14),True,11:11,20:25,15,driver_vehicle_change,Troca de veículo,driver,,,17:09,17:09,0,,,0,1,1,,10,6,,,True,True,,,Aceitar com warning se os tempos estiverem aderentes a operacao real.,Motorista troca de veículo entre blocos distintos da mesma jornada.
448,14,14,Operador não atribuído (D14),True,11:11,20:25,16,driver_vehicle_change,Troca de veículo,driver,,,17:09,17:09,0,,,0,1,1,,10,6,,,True,True,,,Aceitar com warning se os tempos estiverem aderentes a operacao real.,Motorista troca de veículo entre blocos distintos da mesma jornada.
448,14,14,Operador não atribuído (D14),True,11:11,20:25,17,normal_break,Intervalo normal,driver,,,17:09,17:21,12,,,0,1,1,,10,6,,,True,True,,,Aceitar com warning se os tempos estiverem aderentes a operacao real.,
448,14,14,Operador não atribuído (D14),True,11:11,20:25,18,commercial_trip,Viagem,trip,1048,IDA,17:21,17:37,16,5642,5642,1,1,2,6,,,9,1,True,True,,,Aceitar com warning se os tempos estiverem aderentes a operacao real.,Segmento operacional agrupado com 2 viagens reais.
448,14,14,Operador não atribuído (D14),True,11:11,20:25,18,commercial_trip,Viagem,trip,1048,VOLTA,17:37,17:45,8,5646,5646,1,2,1,6,,,10,2,True,True,,,Aceitar com warning se os tempos estiverem aderentes a operacao real.,Segmento operacional agrupado com 2 viagens reais.
448,14,14,Operador não atribuído (D14),True,11:11,20:25,19,driver_vehicle_change,Troca de veículo,driver,,,17:45,17:45,0,,,0,1,1,,6,7,,,True,True,,,Aceitar com warning se os tempos estiverem aderentes a operacao real.,Motorista troca de veículo entre blocos distintos da mesma jornada.
448,14,14,Operador não atribuído (D14),True,11:11,20:25,20,driver_vehicle_change,Troca de veículo,driver,,,17:45,17:45,0,,,0,1,1,,6,7,,,True,True,,,Aceitar com warning se os tempos estiverem aderentes a operacao real.,Motorista troca de veículo entre blocos distintos da mesma jornada.
448,14,14,Operador não atribuído (D14),True,11:11,20:25,21,normal_break,Intervalo normal,driver,,,17:45,18:00,15,,,0,1,1,,6,7,,,True,True,,,Aceitar com warning se os tempos estiverem aderentes a operacao real.,
448,14,14,Operador não atribuído (D14),True,11:11,20:25,22,commercial_trip,Viagem,trip,1067,IDA,18:00,18:54,54,5667,5667,1,1,2,7,,,11,1,True,True,,,Aceitar com warning se os tempos estiverem aderentes a operacao real.,Segmento operacional agrupado com 2 viagens reais.
448,14,14,Operador não atribuído (D14),True,11:11,20:25,22,commercial_trip,Viagem,trip,1067,VOLTA,18:54,19:20,26,5677,5677,1,2,1,7,,,12,2,True,True,,,Aceitar com warning se os tempos estiverem aderentes a operacao real.,Segmento operacional agrupado com 2 viagens reais.
448,14,14,Operador não atribuído (D14),True,11:11,20:25,23,driver_vehicle_change,Troca de veículo,driver,,,19:20,19:20,0,,,0,1,1,,7,4,,,True,True,,,Aceitar com warning se os tempos estiverem aderentes a operacao real.,Motorista troca de veículo entre blocos distintos da mesma jornada.
448,14,14,Operador não atribuído (D14),True,11:11,20:25,24,driver_vehicle_change,Troca de veículo,driver,,,19:20,19:20,0,,,0,1,1,,7,4,,,True,True,,,Aceitar com warning se os tempos estiverem aderentes a operacao real.,Motorista troca de veículo entre blocos distintos da mesma jornada.
448,14,14,Operador não atribuído (D14),True,11:11,20:25,25,mandatory_rest,Descanso obrigatório,driver,,,19:20,20:00,40,,,0,1,1,,7,4,,,True,True,,,Aceitar com warning se os tempos estiverem aderentes a operacao real.,
448,14,14,Operador não atribuído (D14),True,11:11,20:25,26,commercial_trip,Viagem,trip,1042,IDA,20:00,20:16,16,5694,5694,1,1,2,4,,,13,1,True,True,,,Aceitar com warning se os tempos estiverem aderentes a operacao real.,Segmento operacional agrupado com 2 viagens reais.
448,14,14,Operador não atribuído (D14),True,11:11,20:25,26,commercial_trip,Viagem,trip,1042,VOLTA,20:16,20:25,9,5698,5698,1,2,1,4,,,14,2,True,True,,,Aceitar com warning se os tempos estiverem aderentes a operacao real.,Segmento operacional agrupado com 2 viagens reais.
448,14,14,Operador não atribuído (D14),True,11:11,20:25,27,duty_end,Fim de jornada,driver,,,20:25,20:25,0,,,0,1,1,,,,,,True,True,,,Aceitar com warning se os tempos estiverem aderentes a operacao real.,
448,15,15,Operador não atribuído (D15),True,13:35,20:57,1,duty_start,Início de jornada,driver,,,13:35,13:35,0,,,0,1,1,,,,,,True,True,,,Aceitar com warning se os tempos estiverem aderentes a operacao real.,
448,15,15,Operador não atribuído (D15),True,13:35,20:57,2,commercial_trip,Viagem,trip,1048,IDA,13:35,13:49,14,5586,5586,1,1,2,5,,,1,1,True,True,,,Aceitar com warning se os tempos estiverem aderentes a operacao real.,Segmento operacional agrupado com 2 viagens reais.
448,15,15,Operador não atribuído (D15),True,13:35,20:57,2,commercial_trip,Viagem,trip,1048,VOLTA,13:49,13:56,7,5588,5588,1,2,1,5,,,2,2,True,True,,,Aceitar com warning se os tempos estiverem aderentes a operacao real.,Segmento operacional agrupado com 2 viagens reais.
448,15,15,Operador não atribuído (D15),True,13:35,20:57,3,driver_vehicle_change,Troca de veículo,driver,,,13:56,13:56,0,,,0,1,1,,5,7,,,True,True,,,Aceitar com warning se os tempos estiverem aderentes a operacao real.,Motorista troca de veículo entre blocos distintos da mesma jornada.
448,15,15,Operador não atribuído (D15),True,13:35,20:57,4,driver_vehicle_change,Troca de veículo,driver,,,13:56,13:56,0,,,0,1,1,,5,7,,,True,True,,,Aceitar com warning se os tempos estiverem aderentes a operacao real.,Motorista troca de veículo entre blocos distintos da mesma jornada.
448,15,15,Operador não atribuído (D15),True,13:35,20:57,5,normal_break,Intervalo normal,driver,,,13:56,14:40,44,,,0,1,1,,5,7,,,True,True,,,Aceitar com warning se os tempos estiverem aderentes a operacao real.,
448,15,15,Operador não atribuído (D15),True,13:35,20:57,6,commercial_trip,Viagem,trip,1067,IDA,14:40,15:22,42,5608,5608,1,1,2,7,,,3,1,True,True,,,Aceitar com warning se os tempos estiverem aderentes a operacao real.,Segmento operacional agrupado com 2 viagens reais.
448,15,15,Operador não atribuído (D15),True,13:35,20:57,6,commercial_trip,Viagem,trip,1067,VOLTA,15:22,15:49,27,5616,5616,1,2,1,7,,,4,2,True,True,,,Aceitar com warning se os tempos estiverem aderentes a operacao real.,Segmento operacional agrupado com 2 viagens reais.
448,15,15,Operador não atribuído (D15),True,13:35,20:57,7,driver_vehicle_change,Troca de veículo,driver,,,15:49,15:49,0,,,0,1,1,,7,5,,,True,True,,,Aceitar com warning se os tempos estiverem aderentes a operacao real.,Motorista troca de veículo entre blocos distintos da mesma jornada.
448,15,15,Operador não atribuído (D15),True,13:35,20:57,8,driver_vehicle_change,Troca de veículo,driver,,,15:49,15:49,0,,,0,1,1,,7,5,,,True,True,,,Aceitar com warning se os tempos estiverem aderentes a operacao real.,Motorista troca de veículo entre blocos distintos da mesma jornada.
448,15,15,Operador não atribuído (D15),True,13:35,20:57,9,normal_break,Intervalo normal,driver,,,15:49,16:09,20,,,0,1,1,,7,5,,,True,True,,,Aceitar com warning se os tempos estiverem aderentes a operacao real.,
448,15,15,Operador não atribuído (D15),True,13:35,20:57,10,commercial_trip,Viagem,trip,1048,IDA,16:09,16:23,14,5625,5625,1,1,2,5,,,5,1,True,True,,,Aceitar com warning se os tempos estiverem aderentes a operacao real.,Segmento operacional agrupado com 2 viagens reais.
448,15,15,Operador não atribuído (D15),True,13:35,20:57,10,commercial_trip,Viagem,trip,1048,VOLTA,16:23,16:31,8,5626,5626,1,2,1,5,,,6,2,True,True,,,Aceitar com warning se os tempos estiverem aderentes a operacao real.,Segmento operacional agrupado com 2 viagens reais.
448,15,15,Operador não atribuído (D15),True,13:35,20:57,11,normal_break,Intervalo normal,driver,,,16:31,16:45,14,,,0,1,1,,5,5,,,True,True,,,Aceitar com warning se os tempos estiverem aderentes a operacao real.,
448,15,15,Operador não atribuído (D15),True,13:35,20:57,12,commercial_trip,Viagem,trip,1067,IDA,16:45,17:38,53,5644,5644,1,1,2,5,,,7,1,True,True,,,Aceitar com warning se os tempos estiverem aderentes a operacao real.,Segmento operacional agrupado com 2 viagens reais.
448,15,15,Operador não atribuído (D15),True,13:35,20:57,12,commercial_trip,Viagem,trip,1067,VOLTA,17:38,18:09,31,5652,5652,1,2,1,5,,,8,2,True,True,,,Aceitar com warning se os tempos estiverem aderentes a operacao real.,Segmento operacional agrupado com 2 viagens reais.
448,15,15,Operador não atribuído (D15),True,13:35,20:57,13,driver_vehicle_change,Troca de veículo,driver,,,18:09,18:09,0,,,0,1,1,,5,8,,,True,True,,,Aceitar com warning se os tempos estiverem aderentes a operacao real.,Motorista troca de veículo entre blocos distintos da mesma jornada.
448,15,15,Operador não atribuído (D15),True,13:35,20:57,14,driver_vehicle_change,Troca de veículo,driver,,,18:09,18:09,0,,,0,1,1,,5,8,,,True,True,,,Aceitar com warning se os tempos estiverem aderentes a operacao real.,Motorista troca de veículo entre blocos distintos da mesma jornada.
448,15,15,Operador não atribuído (D15),True,13:35,20:57,15,normal_break,Intervalo normal,driver,,,18:09,18:25,16,,,0,1,1,,5,8,,,True,True,,,Aceitar com warning se os tempos estiverem aderentes a operacao real.,
448,15,15,Operador não atribuído (D15),True,13:35,20:57,16,commercial_trip,Viagem,trip,1042,IDA,18:25,18:44,19,5665,5665,1,1,2,8,,,9,1,True,True,,,Aceitar com warning se os tempos estiverem aderentes a operacao real.,Segmento operacional agrupado com 2 viagens reais.
448,15,15,Operador não atribuído (D15),True,13:35,20:57,16,commercial_trip,Viagem,trip,1042,VOLTA,18:44,18:55,11,5668,5668,1,2,1,8,,,10,2,True,True,,,Aceitar com warning se os tempos estiverem aderentes a operacao real.,Segmento operacional agrupado com 2 viagens reais.
448,15,15,Operador não atribuído (D15),True,13:35,20:57,17,normal_break,Intervalo normal,driver,,,18:55,19:09,14,,,0,1,1,,8,8,,,True,True,,,Aceitar com warning se os tempos estiverem aderentes a operacao real.,
448,15,15,Operador não atribuído (D15),True,13:35,20:57,18,commercial_trip,Viagem,trip,1048,IDA,19:09,19:22,13,5678,5678,1,1,2,8,,,11,1,True,True,,,Aceitar com warning se os tempos estiverem aderentes a operacao real.,Segmento operacional agrupado com 2 viagens reais.
448,15,15,Operador não atribuído (D15),True,13:35,20:57,18,commercial_trip,Viagem,trip,1048,VOLTA,19:22,19:29,7,5680,5680,1,2,1,8,,,12,2,True,True,,,Aceitar com warning se os tempos estiverem aderentes a operacao real.,Segmento operacional agrupado com 2 viagens reais.
448,15,15,Operador não atribuído (D15),True,13:35,20:57,19,driver_vehicle_change,Troca de veículo,driver,,,19:29,19:29,0,,,0,1,1,,8,11,,,True,True,,,Aceitar com warning se os tempos estiverem aderentes a operacao real.,Motorista troca de veículo entre blocos distintos da mesma jornada.
448,15,15,Operador não atribuído (D15),True,13:35,20:57,20,driver_vehicle_change,Troca de veículo,driver,,,19:29,19:29,0,,,0,1,1,,8,11,,,True,True,,,Aceitar com warning se os tempos estiverem aderentes a operacao real.,Motorista troca de veículo entre blocos distintos da mesma jornada.
448,15,15,Operador não atribuído (D15),True,13:35,20:57,21,mandatory_rest,Descanso obrigatório,driver,,,19:29,20:30,61,,,0,1,1,,8,11,,,True,True,,,Aceitar com warning se os tempos estiverem aderentes a operacao real.,
448,15,15,Operador não atribuído (D15),True,13:35,20:57,22,commercial_trip,Viagem,trip,1048,IDA,20:30,20:41,11,5700,5700,1,1,2,11,,,13,1,True,True,,,Aceitar com warning se os tempos estiverem aderentes a operacao real.,Segmento operacional agrupado com 2 viagens reais.
448,15,15,Operador não atribuído (D15),True,13:35,20:57,22,commercial_trip,Viagem,trip,1048,VOLTA,20:41,20:47,6,5702,5702,1,2,1,11,,,14,2,True,True,,,Aceitar com warning se os tempos estiverem aderentes a operacao real.,Segmento operacional agrupado com 2 viagens reais.
448,15,15,Operador não atribuído (D15),True,13:35,20:57,23,pullback,Recolhimento,driver,,,20:47,20:57,10,,,0,1,1,,,,,,True,True,,,Aceitar com warning se os tempos estiverem aderentes a operacao real.,
448,15,15,Operador não atribuído (D15),True,13:35,20:57,24,duty_end,Fim de jornada,driver,,,20:57,20:57,0,,,0,1,1,,,,,,True,True,,,Aceitar com warning se os tempos estiverem aderentes a operacao real.,
448,16,16,Operador não atribuído (D16),True,15:00,23:15,1,duty_start,Início de jornada,driver,,,15:00,15:00,0,,,0,1,1,,,,,,True,True,,,Aceitar com warning se os tempos estiverem aderentes a operacao real.,
448,16,16,Operador não atribuído (D16),True,15:00,23:15,2,commercial_trip,Viagem,trip,1042,IDA,15:00,15:17,17,5607,5607,1,1,2,1,,,1,1,True,True,,,Aceitar com warning se os tempos estiverem aderentes a operacao real.,Segmento operacional agrupado com 2 viagens reais.
448,16,16,Operador não atribuído (D16),True,15:00,23:15,2,commercial_trip,Viagem,trip,1042,VOLTA,15:17,15:27,10,5611,5611,1,2,1,1,,,2,2,True,True,,,Aceitar com warning se os tempos estiverem aderentes a operacao real.,Segmento operacional agrupado com 2 viagens reais.
448,16,16,Operador não atribuído (D16),True,15:00,23:15,3,driver_vehicle_change,Troca de veículo,driver,,,15:27,15:27,0,,,0,1,1,,1,8,,,True,True,,,Aceitar com warning se os tempos estiverem aderentes a operacao real.,Motorista troca de veículo entre blocos distintos da mesma jornada.
448,16,16,Operador não atribuído (D16),True,15:00,23:15,4,driver_vehicle_change,Troca de veículo,driver,,,15:27,15:27,0,,,0,1,1,,1,8,,,True,True,,,Aceitar com warning se os tempos estiverem aderentes a operacao real.,Motorista troca de veículo entre blocos distintos da mesma jornada.
448,16,16,Operador não atribuído (D16),True,15:00,23:15,5,normal_break,Intervalo normal,driver,,,15:27,15:51,24,,,0,1,1,,1,8,,,True,True,,,Aceitar com warning se os tempos estiverem aderentes a operacao real.,
448,16,16,Operador não atribuído (D16),True,15:00,23:15,6,commercial_trip,Viagem,trip,1048,IDA,15:51,16:03,12,5619,5619,1,1,2,8,,,3,1,True,True,,,Aceitar com warning se os tempos estiverem aderentes a operacao real.,Segmento operacional agrupado com 2 viagens reais.
448,16,16,Operador não atribuído (D16),True,15:00,23:15,6,commercial_trip,Viagem,trip,1048,VOLTA,16:03,16:11,8,5621,5621,1,2,1,8,,,4,2,True,True,,,Aceitar com warning se os tempos estiverem aderentes a operacao real.,Segmento operacional agrupado com 2 viagens reais.
448,16,16,Operador não atribuído (D16),True,15:00,23:15,7,driver_vehicle_change,Troca de veículo,driver,,,16:11,16:11,0,,,0,1,1,,8,6,,,True,True,,,Aceitar com warning se os tempos estiverem aderentes a operacao real.,Motorista troca de veículo entre blocos distintos da mesma jornada.
448,16,16,Operador não atribuído (D16),True,15:00,23:15,8,driver_vehicle_change,Troca de veículo,driver,,,16:11,16:11,0,,,0,1,1,,8,6,,,True,True,,,Aceitar com warning se os tempos estiverem aderentes a operacao real.,Motorista troca de veículo entre blocos distintos da mesma jornada.
448,16,16,Operador não atribuído (D16),True,15:00,23:15,9,normal_break,Intervalo normal,driver,,,16:11,16:45,34,,,0,1,1,,8,6,,,True,True,,,Aceitar com warning se os tempos estiverem aderentes a operacao real.,
448,16,16,Operador não atribuído (D16),True,15:00,23:15,10,commercial_trip,Viagem,trip,1048,IDA,16:45,16:59,14,5634,5634,1,1,2,6,,,5,1,True,True,,,Aceitar com warning se os tempos estiverem aderentes a operacao real.,Segmento operacional agrupado com 2 viagens reais.
448,16,16,Operador não atribuído (D16),True,15:00,23:15,10,commercial_trip,Viagem,trip,1048,VOLTA,16:59,17:07,8,5636,5636,1,2,1,6,,,6,2,True,True,,,Aceitar com warning se os tempos estiverem aderentes a operacao real.,Segmento operacional agrupado com 2 viagens reais.
448,16,16,Operador não atribuído (D16),True,15:00,23:15,11,driver_vehicle_change,Troca de veículo,driver,,,17:07,17:07,0,,,0,1,1,,6,1,,,True,True,,,Aceitar com warning se os tempos estiverem aderentes a operacao real.,Motorista troca de veículo entre blocos distintos da mesma jornada.
448,16,16,Operador não atribuído (D16),True,15:00,23:15,12,driver_vehicle_change,Troca de veículo,driver,,,17:07,17:07,0,,,0,1,1,,6,1,,,True,True,,,Aceitar com warning se os tempos estiverem aderentes a operacao real.,Motorista troca de veículo entre blocos distintos da mesma jornada.
448,16,16,Operador não atribuído (D16),True,15:00,23:15,13,normal_break,Intervalo normal,driver,,,17:07,17:35,28,,,0,1,1,,6,1,,,True,True,,,Aceitar com warning se os tempos estiverem aderentes a operacao real.,
448,16,16,Operador não atribuído (D16),True,15:00,23:15,14,commercial_trip,Viagem,trip,1067,IDA,17:35,18:34,59,5661,5661,1,1,2,1,,,7,1,True,True,,,Aceitar com warning se os tempos estiverem aderentes a operacao real.,Segmento operacional agrupado com 2 viagens reais.
448,16,16,Operador não atribuído (D16),True,15:00,23:15,14,commercial_trip,Viagem,trip,1067,VOLTA,18:34,19:00,26,5671,5671,1,2,1,1,,,8,2,True,True,,,Aceitar com warning se os tempos estiverem aderentes a operacao real.,Segmento operacional agrupado com 2 viagens reais.
448,16,16,Operador não atribuído (D16),True,15:00,23:15,15,driver_vehicle_change,Troca de veículo,driver,,,19:00,19:00,0,,,0,1,1,,1,3,,,True,True,,,Aceitar com warning se os tempos estiverem aderentes a operacao real.,Motorista troca de veículo entre blocos distintos da mesma jornada.
448,16,16,Operador não atribuído (D16),True,15:00,23:15,16,driver_vehicle_change,Troca de veículo,driver,,,19:00,19:00,0,,,0,1,1,,1,3,,,True,True,,,Aceitar com warning se os tempos estiverem aderentes a operacao real.,Motorista troca de veículo entre blocos distintos da mesma jornada.
448,16,16,Operador não atribuído (D16),True,15:00,23:15,17,normal_break,Intervalo normal,driver,,,19:00,19:15,15,,,0,1,1,,1,3,,,True,True,,,Aceitar com warning se os tempos estiverem aderentes a operacao real.,
448,16,16,Operador não atribuído (D16),True,15:00,23:15,18,commercial_trip,Viagem,trip,1067,IDA,19:15,20:00,45,5689,5689,1,1,2,3,,,9,1,True,True,,,Aceitar com warning se os tempos estiverem aderentes a operacao real.,Segmento operacional agrupado com 2 viagens reais.
448,16,16,Operador não atribuído (D16),True,15:00,23:15,18,commercial_trip,Viagem,trip,1067,VOLTA,20:00,20:24,24,5696,5696,1,2,1,3,,,10,2,True,True,,,Aceitar com warning se os tempos estiverem aderentes a operacao real.,Segmento operacional agrupado com 2 viagens reais.
448,16,16,Operador não atribuído (D16),True,15:00,23:15,19,driver_vehicle_change,Troca de veículo,driver,,,20:24,20:24,0,,,0,1,1,,3,10,,,True,True,,,Aceitar com warning se os tempos estiverem aderentes a operacao real.,Motorista troca de veículo entre blocos distintos da mesma jornada.
448,16,16,Operador não atribuído (D16),True,15:00,23:15,20,driver_vehicle_change,Troca de veículo,driver,,,20:24,20:24,0,,,0,1,1,,3,10,,,True,True,,,Aceitar com warning se os tempos estiverem aderentes a operacao real.,Motorista troca de veículo entre blocos distintos da mesma jornada.
448,16,16,Operador não atribuído (D16),True,15:00,23:15,21,normal_break,Intervalo normal,driver,,,20:24,20:50,26,,,0,1,1,,3,10,,,True,True,,,Aceitar com warning se os tempos estiverem aderentes a operacao real.,
448,16,16,Operador não atribuído (D16),True,15:00,23:15,22,commercial_trip,Viagem,trip,104201,IDA,20:50,21:17,27,5705,5705,1,1,2,10,,,11,1,True,True,,,Aceitar com warning se os tempos estiverem aderentes a operacao real.,Segmento operacional agrupado com 2 viagens reais.
448,16,16,Operador não atribuído (D16),True,15:00,23:15,22,commercial_trip,Viagem,trip,104201,VOLTA,21:17,21:28,11,5708,5708,1,2,1,10,,,12,2,True,True,,,Aceitar com warning se os tempos estiverem aderentes a operacao real.,Segmento operacional agrupado com 2 viagens reais.
448,16,16,Operador não atribuído (D16),True,15:00,23:15,23,driver_vehicle_change,Troca de veículo,driver,,,21:28,21:28,0,,,0,1,1,,10,3,,,True,True,,,Aceitar com warning se os tempos estiverem aderentes a operacao real.,Motorista troca de veículo entre blocos distintos da mesma jornada.
448,16,16,Operador não atribuído (D16),True,15:00,23:15,24,driver_vehicle_change,Troca de veículo,driver,,,21:28,21:28,0,,,0,1,1,,10,3,,,True,True,,,Aceitar com warning se os tempos estiverem aderentes a operacao real.,Motorista troca de veículo entre blocos distintos da mesma jornada.
448,16,16,Operador não atribuído (D16),True,15:00,23:15,25,mandatory_rest,Descanso obrigatório,driver,,,21:28,22:25,57,,,0,1,1,,10,3,,,True,True,,,Aceitar com warning se os tempos estiverem aderentes a operacao real.,
448,16,16,Operador não atribuído (D16),True,15:00,23:15,26,commercial_trip,Viagem,trip,1067,IDA,22:25,22:58,33,5715,5715,1,1,2,3,,,13,1,True,True,,,Aceitar com warning se os tempos estiverem aderentes a operacao real.,Segmento operacional agrupado com 2 viagens reais.
448,16,16,Operador não atribuído (D16),True,15:00,23:15,26,commercial_trip,Viagem,trip,1067,VOLTA,22:58,23:15,17,5717,5717,1,2,1,3,,,14,2,True,True,,,Aceitar com warning se os tempos estiverem aderentes a operacao real.,Segmento operacional agrupado com 2 viagens reais.
448,16,16,Operador não atribuído (D16),True,15:00,23:15,27,duty_end,Fim de jornada,driver,,,23:15,23:15,0,,,0,1,1,,,,,,True,True,,,Aceitar com warning se os tempos estiverem aderentes a operacao real.,
448,17,17,Operador não atribuído (D17),True,15:05,22:23,1,duty_start,Início de jornada,driver,,,15:05,15:05,0,,,0,1,1,,,,,,False,False,,,Aceitar com warning se os tempos estiverem aderentes a operacao real.,
448,17,17,Operador não atribuído (D17),True,15:05,22:23,2,commercial_trip,Viagem,trip,1067,IDA,15:05,15:48,43,5615,5615,1,1,2,10,,,1,1,False,False,,,Aceitar com warning se os tempos estiverem aderentes a operacao real.,Segmento operacional agrupado com 2 viagens reais.
448,17,17,Operador não atribuído (D17),True,15:05,22:23,2,commercial_trip,Viagem,trip,1067,VOLTA,15:48,16:17,29,5623,5623,1,2,1,10,,,2,2,False,False,,,Aceitar com warning se os tempos estiverem aderentes a operacao real.,Segmento operacional agrupado com 2 viagens reais.
448,17,17,Operador não atribuído (D17),True,15:05,22:23,3,driver_vehicle_change,Troca de veículo,driver,,,16:17,16:17,0,,,0,1,1,,10,8,,,False,False,,,Aceitar com warning se os tempos estiverem aderentes a operacao real.,Motorista troca de veículo entre blocos distintos da mesma jornada.
448,17,17,Operador não atribuído (D17),True,15:05,22:23,4,driver_vehicle_change,Troca de veículo,driver,,,16:17,16:17,0,,,0,1,1,,10,8,,,False,False,,,Aceitar com warning se os tempos estiverem aderentes a operacao real.,Motorista troca de veículo entre blocos distintos da mesma jornada.
448,17,17,Operador não atribuído (D17),True,15:05,22:23,5,normal_break,Intervalo normal,driver,,,16:17,16:27,10,,,0,1,1,,10,8,,,False,False,,,Aceitar com warning se os tempos estiverem aderentes a operacao real.,
448,17,17,Operador não atribuído (D17),True,15:05,22:23,6,commercial_trip,Viagem,trip,1048,IDA,16:27,16:41,14,5629,5629,1,1,2,8,,,3,1,False,False,,,Aceitar com warning se os tempos estiverem aderentes a operacao real.,Segmento operacional agrupado com 2 viagens reais.
448,17,17,Operador não atribuído (D17),True,15:05,22:23,6,commercial_trip,Viagem,trip,1048,VOLTA,16:41,16:49,8,5632,5632,1,2,1,8,,,4,2,False,False,,,Aceitar com warning se os tempos estiverem aderentes a operacao real.,Segmento operacional agrupado com 2 viagens reais.
448,17,17,Operador não atribuído (D17),True,15:05,22:23,7,driver_vehicle_change,Troca de veículo,driver,,,16:49,16:49,0,,,0,1,1,,8,7,,,False,False,,,Aceitar com warning se os tempos estiverem aderentes a operacao real.,Motorista troca de veículo entre blocos distintos da mesma jornada.
448,17,17,Operador não atribuído (D17),True,15:05,22:23,8,driver_vehicle_change,Troca de veículo,driver,,,16:49,16:49,0,,,0,1,1,,8,7,,,False,False,,,Aceitar com warning se os tempos estiverem aderentes a operacao real.,Motorista troca de veículo entre blocos distintos da mesma jornada.
448,17,17,Operador não atribuído (D17),True,15:05,22:23,9,normal_break,Intervalo normal,driver,,,16:49,17:05,16,,,0,1,1,,8,7,,,False,False,,,Aceitar com warning se os tempos estiverem aderentes a operacao real.,
448,17,17,Operador não atribuído (D17),True,15:05,22:23,10,commercial_trip,Viagem,trip,1042,IDA,17:05,17:25,20,5640,5640,1,1,2,7,,,5,1,False,False,,,Aceitar com warning se os tempos estiverem aderentes a operacao real.,Segmento operacional agrupado com 2 viagens reais.
448,17,17,Operador não atribuído (D17),True,15:05,22:23,10,commercial_trip,Viagem,trip,1042,VOLTA,17:25,17:37,12,5643,5643,1,2,1,7,,,6,2,False,False,,,Aceitar com warning se os tempos estiverem aderentes a operacao real.,Segmento operacional agrupado com 2 viagens reais.
448,17,17,Operador não atribuído (D17),True,15:05,22:23,11,driver_vehicle_change,Troca de veículo,driver,,,17:37,17:37,0,,,0,1,1,,7,6,,,False,False,,,Aceitar com warning se os tempos estiverem aderentes a operacao real.,Motorista troca de veículo entre blocos distintos da mesma jornada.
448,17,17,Operador não atribuído (D17),True,15:05,22:23,12,driver_vehicle_change,Troca de veículo,driver,,,17:37,17:37,0,,,0,1,1,,7,6,,,False,False,,,Aceitar com warning se os tempos estiverem aderentes a operacao real.,Motorista troca de veículo entre blocos distintos da mesma jornada.
448,17,17,Operador não atribuído (D17),True,15:05,22:23,13,normal_break,Intervalo normal,driver,,,17:37,17:55,18,,,0,1,1,,7,6,,,False,False,,,Aceitar com warning se os tempos estiverem aderentes a operacao real.,
448,17,17,Operador não atribuído (D17),True,15:05,22:23,14,commercial_trip,Viagem,trip,1042,IDA,17:55,18:15,20,5656,5656,1,1,2,6,,,7,1,False,False,,,Aceitar com warning se os tempos estiverem aderentes a operacao real.,Segmento operacional agrupado com 2 viagens reais.
448,17,17,Operador não atribuído (D17),True,15:05,22:23,14,commercial_trip,Viagem,trip,1042,VOLTA,18:15,18:26,11,5658,5658,1,2,1,6,,,8,2,False,False,,,Aceitar com warning se os tempos estiverem aderentes a operacao real.,Segmento operacional agrupado com 2 viagens reais.
448,17,17,Operador não atribuído (D17),True,15:05,22:23,15,driver_vehicle_change,Troca de veículo,driver,,,18:26,18:26,0,,,0,1,1,,6,4,,,False,False,,,Aceitar com warning se os tempos estiverem aderentes a operacao real.,Motorista troca de veículo entre blocos distintos da mesma jornada.
448,17,17,Operador não atribuído (D17),True,15:05,22:23,16,driver_vehicle_change,Troca de veículo,driver,,,18:26,18:26,0,,,0,1,1,,6,4,,,False,False,,,Aceitar com warning se os tempos estiverem aderentes a operacao real.,Motorista troca de veículo entre blocos distintos da mesma jornada.
448,17,17,Operador não atribuído (D17),True,15:05,22:23,17,normal_break,Intervalo normal,driver,,,18:26,19:27,61,,,0,1,1,,6,4,,,False,False,,,Aceitar com warning se os tempos estiverem aderentes a operacao real.,
448,17,17,Operador não atribuído (D17),True,15:05,22:23,18,commercial_trip,Viagem,trip,1048,IDA,19:27,19:40,13,5682,5682,1,1,2,4,,,9,1,False,False,,,Aceitar com warning se os tempos estiverem aderentes a operacao real.,Segmento operacional agrupado com 2 viagens reais.
448,17,17,Operador não atribuído (D17),True,15:05,22:23,18,commercial_trip,Viagem,trip,1048,VOLTA,19:40,19:47,7,5685,5685,1,2,1,4,,,10,2,False,False,,,Aceitar com warning se os tempos estiverem aderentes a operacao real.,Segmento operacional agrupado com 2 viagens reais.
448,17,17,Operador não atribuído (D17),True,15:05,22:23,19,driver_vehicle_change,Troca de veículo,driver,,,19:47,19:47,0,,,0,1,1,,4,1,,,False,False,,,Aceitar com warning se os tempos estiverem aderentes a operacao real.,Motorista troca de veículo entre blocos distintos da mesma jornada.
448,17,17,Operador não atribuído (D17),True,15:05,22:23,20,driver_vehicle_change,Troca de veículo,driver,,,19:47,19:47,0,,,0,1,1,,4,1,,,False,False,,,Aceitar com warning se os tempos estiverem aderentes a operacao real.,Motorista troca de veículo entre blocos distintos da mesma jornada.
448,17,17,Operador não atribuído (D17),True,15:05,22:23,21,normal_break,Intervalo normal,driver,,,19:47,21:35,108,,,0,1,1,,4,1,,,False,False,,,Aceitar com warning se os tempos estiverem aderentes a operacao real.,
448,17,17,Operador não atribuído (D17),True,15:05,22:23,22,commercial_trip,Viagem,trip,104201,IDA,21:35,22:02,27,5710,5710,1,1,2,1,,,11,1,False,False,,,Aceitar com warning se os tempos estiverem aderentes a operacao real.,Segmento operacional agrupado com 2 viagens reais.
448,17,17,Operador não atribuído (D17),True,15:05,22:23,22,commercial_trip,Viagem,trip,104201,VOLTA,22:02,22:13,11,5712,5712,1,2,1,1,,,12,2,False,False,,,Aceitar com warning se os tempos estiverem aderentes a operacao real.,Segmento operacional agrupado com 2 viagens reais.
448,17,17,Operador não atribuído (D17),True,15:05,22:23,23,pullback,Recolhimento,driver,,,22:13,22:23,10,,,0,1,1,,,,,,False,False,,,Aceitar com warning se os tempos estiverem aderentes a operacao real.,
448,17,17,Operador não atribuído (D17),True,15:05,22:23,24,duty_end,Fim de jornada,driver,,,22:23,22:23,0,,,0,1,1,,,,,,False,False,,,Aceitar com warning se os tempos estiverem aderentes a operacao real.,
448,18,18,Operador não atribuído (D18),True,15:30,20:59,1,duty_start,Início de jornada,driver,,,15:30,15:30,0,,,0,1,1,,,,,,False,False,,,Aceitar com warning se os tempos estiverem aderentes a operacao real.,
448,18,18,Operador não atribuído (D18),True,15:30,20:59,2,commercial_trip,Viagem,trip,1067,IDA,15:30,16:13,43,5622,5622,1,1,2,11,,,1,1,False,False,,,Aceitar com warning se os tempos estiverem aderentes a operacao real.,Segmento operacional agrupado com 2 viagens reais.
448,18,18,Operador não atribuído (D18),True,15:30,20:59,2,commercial_trip,Viagem,trip,1067,VOLTA,16:13,16:42,29,5630,5630,1,2,1,11,,,2,2,False,False,,,Aceitar com warning se os tempos estiverem aderentes a operacao real.,Segmento operacional agrupado com 2 viagens reais.
448,18,18,Operador não atribuído (D18),True,15:30,20:59,3,normal_break,Intervalo normal,driver,,,16:42,17:03,21,,,0,1,1,,11,11,,,False,False,,,Aceitar com warning se os tempos estiverem aderentes a operacao real.,
448,18,18,Operador não atribuído (D18),True,15:30,20:59,4,commercial_trip,Viagem,trip,1048,IDA,17:03,17:19,16,5639,5639,1,1,2,11,,,3,1,False,False,,,Aceitar com warning se os tempos estiverem aderentes a operacao real.,Segmento operacional agrupado com 2 viagens reais.
448,18,18,Operador não atribuído (D18),True,15:30,20:59,4,commercial_trip,Viagem,trip,1048,VOLTA,17:19,17:27,8,5641,5641,1,2,1,11,,,4,2,False,False,,,Aceitar com warning se os tempos estiverem aderentes a operacao real.,Segmento operacional agrupado com 2 viagens reais.
448,18,18,Operador não atribuído (D18),True,15:30,20:59,5,normal_break,Intervalo normal,driver,,,17:27,17:39,12,,,0,1,1,,11,11,,,False,False,,,Aceitar com warning se os tempos estiverem aderentes a operacao real.,
448,18,18,Operador não atribuído (D18),True,15:30,20:59,6,commercial_trip,Viagem,trip,1048,IDA,17:39,17:55,16,5648,5648,1,1,2,11,,,5,1,False,False,,,Aceitar com warning se os tempos estiverem aderentes a operacao real.,Segmento operacional agrupado com 2 viagens reais.
448,18,18,Operador não atribuído (D18),True,15:30,20:59,6,commercial_trip,Viagem,trip,1048,VOLTA,17:55,18:03,8,5651,5651,1,2,1,11,,,6,2,False,False,,,Aceitar com warning se os tempos estiverem aderentes a operacao real.,Segmento operacional agrupado com 2 viagens reais.
448,18,18,Operador não atribuído (D18),True,15:30,20:59,7,normal_break,Intervalo normal,driver,,,18:03,18:15,12,,,0,1,1,,11,11,,,False,False,,,Aceitar com warning se os tempos estiverem aderentes a operacao real.,
448,18,18,Operador não atribuído (D18),True,15:30,20:59,8,commercial_trip,Viagem,trip,1048,IDA,18:15,18:30,15,5660,5660,1,1,2,11,,,7,1,False,False,,,Aceitar com warning se os tempos estiverem aderentes a operacao real.,Segmento operacional agrupado com 2 viagens reais.
448,18,18,Operador não atribuído (D18),True,15:30,20:59,8,commercial_trip,Viagem,trip,1048,VOLTA,18:30,18:37,7,5662,5662,1,2,1,11,,,8,2,False,False,,,Aceitar com warning se os tempos estiverem aderentes a operacao real.,Segmento operacional agrupado com 2 viagens reais.
448,18,18,Operador não atribuído (D18),True,15:30,20:59,9,driver_vehicle_change,Troca de veículo,driver,,,18:37,18:37,0,,,0,1,1,,11,4,,,False,False,,,Aceitar com warning se os tempos estiverem aderentes a operacao real.,Motorista troca de veículo entre blocos distintos da mesma jornada.
448,18,18,Operador não atribuído (D18),True,15:30,20:59,10,driver_vehicle_change,Troca de veículo,driver,,,18:37,18:37,0,,,0,1,1,,11,4,,,False,False,,,Aceitar com warning se os tempos estiverem aderentes a operacao real.,Motorista troca de veículo entre blocos distintos da mesma jornada.
448,18,18,Operador não atribuído (D18),True,15:30,20:59,11,normal_break,Intervalo normal,driver,,,18:37,18:51,14,,,0,1,1,,11,4,,,False,False,,,Aceitar com warning se os tempos estiverem aderentes a operacao real.,
448,18,18,Operador não atribuído (D18),True,15:30,20:59,12,commercial_trip,Viagem,trip,1048,IDA,18:51,19:06,15,5672,5672,1,1,2,4,,,9,1,False,False,,,Aceitar com warning se os tempos estiverem aderentes a operacao real.,Segmento operacional agrupado com 2 viagens reais.
448,18,18,Operador não atribuído (D18),True,15:30,20:59,12,commercial_trip,Viagem,trip,1048,VOLTA,19:06,19:13,7,5674,5674,1,2,1,4,,,10,2,False,False,,,Aceitar com warning se os tempos estiverem aderentes a operacao real.,Segmento operacional agrupado com 2 viagens reais.
448,18,18,Operador não atribuído (D18),True,15:30,20:59,13,driver_vehicle_change,Troca de veículo,driver,,,19:13,19:13,0,,,0,1,1,,4,8,,,False,False,,,Aceitar com warning se os tempos estiverem aderentes a operacao real.,Motorista troca de veículo entre blocos distintos da mesma jornada.
448,18,18,Operador não atribuído (D18),True,15:30,20:59,14,driver_vehicle_change,Troca de veículo,driver,,,19:13,19:13,0,,,0,1,1,,4,8,,,False,False,,,Aceitar com warning se os tempos estiverem aderentes a operacao real.,Motorista troca de veículo entre blocos distintos da mesma jornada.
448,18,18,Operador não atribuído (D18),True,15:30,20:59,15,normal_break,Intervalo normal,driver,,,19:13,19:40,27,,,0,1,1,,4,8,,,False,False,,,Aceitar com warning se os tempos estiverem aderentes a operacao real.,
448,18,18,Operador não atribuído (D18),True,15:30,20:59,16,commercial_trip,Viagem,trip,1067,IDA,19:40,20:25,45,5697,5697,1,1,2,8,,,11,1,False,False,,,Aceitar com warning se os tempos estiverem aderentes a operacao real.,Segmento operacional agrupado com 2 viagens reais.
448,18,18,Operador não atribuído (D18),True,15:30,20:59,16,commercial_trip,Viagem,trip,1067,VOLTA,20:25,20:49,24,5703,5703,1,2,1,8,,,12,2,False,False,,,Aceitar com warning se os tempos estiverem aderentes a operacao real.,Segmento operacional agrupado com 2 viagens reais.
448,18,18,Operador não atribuído (D18),True,15:30,20:59,17,pullback,Recolhimento,driver,,,20:49,20:59,10,,,0,1,1,,,,,,False,False,,,Aceitar com warning se os tempos estiverem aderentes a operacao real.,
448,18,18,Operador não atribuído (D18),True,15:30,20:59,18,duty_end,Fim de jornada,driver,,,20:59,20:59,0,,,0,1,1,,,,,,False,False,,,Aceitar com warning se os tempos estiverem aderentes a operacao real.,
448,19,19,Operador não atribuído (D19),True,15:31,23:43,1,duty_start,Início de jornada,driver,,,15:31,15:31,0,,,0,1,1,,,,,,True,True,,,Aceitar com warning se os tempos estiverem aderentes a operacao real.,
448,19,19,Operador não atribuído (D19),True,15:31,23:43,2,commercial_trip,Viagem,trip,1048,IDA,15:31,15:43,12,5614,5614,1,1,2,5,,,1,1,True,True,,,Aceitar com warning se os tempos estiverem aderentes a operacao real.,Segmento operacional agrupado com 2 viagens reais.
448,19,19,Operador não atribuído (D19),True,15:31,23:43,2,commercial_trip,Viagem,trip,1048,VOLTA,15:43,15:51,8,5617,5617,1,2,1,5,,,2,2,True,True,,,Aceitar com warning se os tempos estiverem aderentes a operacao real.,Segmento operacional agrupado com 2 viagens reais.
448,19,19,Operador não atribuído (D19),True,15:31,23:43,3,driver_vehicle_change,Troca de veículo,driver,,,15:51,15:51,0,,,0,1,1,,5,7,,,True,True,,,Aceitar com warning se os tempos estiverem aderentes a operacao real.,Motorista troca de veículo entre blocos distintos da mesma jornada.
448,19,19,Operador não atribuído (D19),True,15:31,23:43,4,driver_vehicle_change,Troca de veículo,driver,,,15:51,15:51,0,,,0,1,1,,5,7,,,True,True,,,Aceitar com warning se os tempos estiverem aderentes a operacao real.,Motorista troca de veículo entre blocos distintos da mesma jornada.
448,19,19,Operador não atribuído (D19),True,15:31,23:43,5,normal_break,Intervalo normal,driver,,,15:51,16:15,24,,,0,1,1,,5,7,,,True,True,,,Aceitar com warning se os tempos estiverem aderentes a operacao real.,
448,19,19,Operador não atribuído (D19),True,15:31,23:43,6,commercial_trip,Viagem,trip,1042,IDA,16:15,16:33,18,5627,5627,1,1,2,7,,,3,1,True,True,,,Aceitar com warning se os tempos estiverem aderentes a operacao real.,Segmento operacional agrupado com 2 viagens reais.
448,19,19,Operador não atribuído (D19),True,15:31,23:43,6,commercial_trip,Viagem,trip,1042,VOLTA,16:33,16:44,11,5631,5631,1,2,1,7,,,4,2,True,True,,,Aceitar com warning se os tempos estiverem aderentes a operacao real.,Segmento operacional agrupado com 2 viagens reais.
448,19,19,Operador não atribuído (D19),True,15:31,23:43,7,driver_vehicle_change,Troca de veículo,driver,,,16:44,16:44,0,,,0,1,1,,7,12,,,True,True,,,Aceitar com warning se os tempos estiverem aderentes a operacao real.,Motorista troca de veículo entre blocos distintos da mesma jornada.
448,19,19,Operador não atribuído (D19),True,15:31,23:43,8,driver_vehicle_change,Troca de veículo,driver,,,16:44,16:44,0,,,0,1,1,,7,12,,,True,True,,,Aceitar com warning se os tempos estiverem aderentes a operacao real.,Motorista troca de veículo entre blocos distintos da mesma jornada.
448,19,19,Operador não atribuído (D19),True,15:31,23:43,9,normal_break,Intervalo normal,driver,,,16:44,17:10,26,,,0,1,1,,7,12,,,True,True,,,Aceitar com warning se os tempos estiverem aderentes a operacao real.,
448,19,19,Operador não atribuído (D19),True,15:31,23:43,10,commercial_trip,Viagem,trip,1067,IDA,17:10,18:14,64,5655,5655,1,1,2,12,,,5,1,True,True,,,Aceitar com warning se os tempos estiverem aderentes a operacao real.,Segmento operacional agrupado com 2 viagens reais.
448,19,19,Operador não atribuído (D19),True,15:31,23:43,10,commercial_trip,Viagem,trip,1067,VOLTA,18:14,18:44,30,5664,5664,1,2,1,12,,,6,2,True,True,,,Aceitar com warning se os tempos estiverem aderentes a operacao real.,Segmento operacional agrupado com 2 viagens reais.
448,19,19,Operador não atribuído (D19),True,15:31,23:43,11,normal_break,Intervalo normal,driver,,,18:44,19:00,16,,,0,1,1,,12,12,,,True,True,,,Aceitar com warning se os tempos estiverem aderentes a operacao real.,
448,19,19,Operador não atribuído (D19),True,15:31,23:43,12,commercial_trip,Viagem,trip,1042,IDA,19:00,19:19,19,5676,5676,1,1,2,12,,,7,1,True,True,,,Aceitar com warning se os tempos estiverem aderentes a operacao real.,Segmento operacional agrupado com 2 viagens reais.
448,19,19,Operador não atribuído (D19),True,15:31,23:43,12,commercial_trip,Viagem,trip,1042,VOLTA,19:19,19:28,9,5679,5679,1,2,1,12,,,8,2,True,True,,,Aceitar com warning se os tempos estiverem aderentes a operacao real.,Segmento operacional agrupado com 2 viagens reais.
448,19,19,Operador não atribuído (D19),True,15:31,23:43,13,driver_vehicle_change,Troca de veículo,driver,,,19:28,19:28,0,,,0,1,1,,12,7,,,True,True,,,Aceitar com warning se os tempos estiverem aderentes a operacao real.,Motorista troca de veículo entre blocos distintos da mesma jornada.
448,19,19,Operador não atribuído (D19),True,15:31,23:43,14,driver_vehicle_change,Troca de veículo,driver,,,19:28,19:28,0,,,0,1,1,,12,7,,,True,True,,,Aceitar com warning se os tempos estiverem aderentes a operacao real.,Motorista troca de veículo entre blocos distintos da mesma jornada.
448,19,19,Operador não atribuído (D19),True,15:31,23:43,15,normal_break,Intervalo normal,driver,,,19:28,19:40,12,,,0,1,1,,12,7,,,True,True,,,Aceitar com warning se os tempos estiverem aderentes a operacao real.,
448,19,19,Operador não atribuído (D19),True,15:31,23:43,16,commercial_trip,Viagem,trip,1042,IDA,19:40,19:59,19,5688,5688,1,1,2,7,,,9,1,True,True,,,Aceitar com warning se os tempos estiverem aderentes a operacao real.,Segmento operacional agrupado com 2 viagens reais.
448,19,19,Operador não atribuído (D19),True,15:31,23:43,16,commercial_trip,Viagem,trip,1042,VOLTA,19:59,20:08,9,5692,5692,1,2,1,7,,,10,2,True,True,,,Aceitar com warning se os tempos estiverem aderentes a operacao real.,Segmento operacional agrupado com 2 viagens reais.
448,19,19,Operador não atribuído (D19),True,15:31,23:43,17,driver_vehicle_change,Troca de veículo,driver,,,20:08,20:08,0,,,0,1,1,,7,6,,,True,True,,,Aceitar com warning se os tempos estiverem aderentes a operacao real.,Motorista troca de veículo entre blocos distintos da mesma jornada.
448,19,19,Operador não atribuído (D19),True,15:31,23:43,18,driver_vehicle_change,Troca de veículo,driver,,,20:08,20:08,0,,,0,1,1,,7,6,,,True,True,,,Aceitar com warning se os tempos estiverem aderentes a operacao real.,Motorista troca de veículo entre blocos distintos da mesma jornada.
448,19,19,Operador não atribuído (D19),True,15:31,23:43,19,normal_break,Intervalo normal,driver,,,20:08,20:40,32,,,0,1,1,,7,6,,,True,True,,,Aceitar com warning se os tempos estiverem aderentes a operacao real.,
448,19,19,Operador não atribuído (D19),True,15:31,23:43,20,commercial_trip,Viagem,trip,1067,IDA,20:40,21:21,41,5707,5707,1,1,2,6,,,11,1,True,True,,,Aceitar com warning se os tempos estiverem aderentes a operacao real.,Segmento operacional agrupado com 2 viagens reais.
448,19,19,Operador não atribuído (D19),True,15:31,23:43,20,commercial_trip,Viagem,trip,1067,VOLTA,21:21,21:45,24,5709,5709,1,2,1,6,,,12,2,True,True,,,Aceitar com warning se os tempos estiverem aderentes a operacao real.,Segmento operacional agrupado com 2 viagens reais.
448,19,19,Operador não atribuído (D19),True,15:31,23:43,21,driver_vehicle_change,Troca de veículo,driver,,,21:45,21:45,0,,,0,1,1,,6,5,,,True,True,,,Aceitar com warning se os tempos estiverem aderentes a operacao real.,Motorista troca de veículo entre blocos distintos da mesma jornada.
448,19,19,Operador não atribuído (D19),True,15:31,23:43,22,driver_vehicle_change,Troca de veículo,driver,,,21:45,21:45,0,,,0,1,1,,6,5,,,True,True,,,Aceitar com warning se os tempos estiverem aderentes a operacao real.,Motorista troca de veículo entre blocos distintos da mesma jornada.
448,19,19,Operador não atribuído (D19),True,15:31,23:43,23,mandatory_rest,Descanso obrigatório,driver,,,21:45,23:05,80,,,0,1,1,,6,5,,,True,True,,,Aceitar com warning se os tempos estiverem aderentes a operacao real.,
448,19,19,Operador não atribuído (D19),True,15:31,23:43,24,commercial_trip,Viagem,trip,104201,IDA,23:05,23:32,27,5718,5718,1,1,2,5,,,13,1,True,True,,,Aceitar com warning se os tempos estiverem aderentes a operacao real.,Segmento operacional agrupado com 2 viagens reais.
448,19,19,Operador não atribuído (D19),True,15:31,23:43,24,commercial_trip,Viagem,trip,104201,VOLTA,23:32,23:43,11,5719,5719,1,2,1,5,,,14,2,True,True,,,Aceitar com warning se os tempos estiverem aderentes a operacao real.,Segmento operacional agrupado com 2 viagens reais.
448,19,19,Operador não atribuído (D19),True,15:31,23:43,25,duty_end,Fim de jornada,driver,,,23:43,23:43,0,,,0,1,1,,,,,,True,True,,,Aceitar com warning se os tempos estiverem aderentes a operacao real.,
448,20,20,Operador não atribuído (D20),True,15:55,24:53,1,duty_start,Início de jornada,driver,,,15:55,15:55,0,,,0,1,1,,,,,,True,True,,,Aceitar com warning se os tempos estiverem aderentes a operacao real.,
448,20,20,Operador não atribuído (D20),True,15:55,24:53,2,commercial_trip,Viagem,trip,1067,IDA,15:55,16:38,43,5628,5628,1,1,2,1,,,1,1,True,True,,,Aceitar com warning se os tempos estiverem aderentes a operacao real.,Segmento operacional agrupado com 2 viagens reais.
448,20,20,Operador não atribuído (D20),True,15:55,24:53,2,commercial_trip,Viagem,trip,1067,VOLTA,16:38,17:07,29,5635,5635,1,2,1,1,,,2,2,True,True,,,Aceitar com warning se os tempos estiverem aderentes a operacao real.,Segmento operacional agrupado com 2 viagens reais.
448,20,20,Operador não atribuído (D20),True,15:55,24:53,3,driver_vehicle_change,Troca de veículo,driver,,,17:07,17:07,0,,,0,1,1,,1,10,,,True,True,,,Aceitar com warning se os tempos estiverem aderentes a operacao real.,Motorista troca de veículo entre blocos distintos da mesma jornada.
448,20,20,Operador não atribuído (D20),True,15:55,24:53,4,driver_vehicle_change,Troca de veículo,driver,,,17:07,17:07,0,,,0,1,1,,1,10,,,True,True,,,Aceitar com warning se os tempos estiverem aderentes a operacao real.,Motorista troca de veículo entre blocos distintos da mesma jornada.
448,20,20,Operador não atribuído (D20),True,15:55,24:53,5,normal_break,Intervalo normal,driver,,,17:07,17:25,18,,,0,1,1,,1,10,,,True,True,,,Aceitar com warning se os tempos estiverem aderentes a operacao real.,
448,20,20,Operador não atribuído (D20),True,15:55,24:53,6,commercial_trip,Viagem,trip,1042,IDA,17:25,17:45,20,5645,5645,1,1,2,10,,,3,1,True,True,,,Aceitar com warning se os tempos estiverem aderentes a operacao real.,Segmento operacional agrupado com 2 viagens reais.
448,20,20,Operador não atribuído (D20),True,15:55,24:53,6,commercial_trip,Viagem,trip,1042,VOLTA,17:45,17:57,12,5649,5649,1,2,1,10,,,4,2,True,True,,,Aceitar com warning se os tempos estiverem aderentes a operacao real.,Segmento operacional agrupado com 2 viagens reais.
448,20,20,Operador não atribuído (D20),True,15:55,24:53,7,normal_break,Intervalo normal,driver,,,17:57,18:10,13,,,0,1,1,,10,10,,,True,True,,,Aceitar com warning se os tempos estiverem aderentes a operacao real.,
448,20,20,Operador não atribuído (D20),True,15:55,24:53,8,commercial_trip,Viagem,trip,1042,IDA,18:10,18:29,19,5659,5659,1,1,2,10,,,5,1,True,True,,,Aceitar com warning se os tempos estiverem aderentes a operacao real.,Segmento operacional agrupado com 2 viagens reais.
448,20,20,Operador não atribuído (D20),True,15:55,24:53,8,commercial_trip,Viagem,trip,1042,VOLTA,18:29,18:40,11,5663,5663,1,2,1,10,,,6,2,True,True,,,Aceitar com warning se os tempos estiverem aderentes a operacao real.,Segmento operacional agrupado com 2 viagens reais.
448,20,20,Operador não atribuído (D20),True,15:55,24:53,9,normal_break,Intervalo normal,driver,,,18:40,18:50,10,,,0,1,1,,10,10,,,True,True,,,Aceitar com warning se os tempos estiverem aderentes a operacao real.,
448,20,20,Operador não atribuído (D20),True,15:55,24:53,10,commercial_trip,Viagem,trip,1067,IDA,18:50,19:43,53,5683,5683,1,1,2,10,,,7,1,True,True,,,Aceitar com warning se os tempos estiverem aderentes a operacao real.,Segmento operacional agrupado com 2 viagens reais.
448,20,20,Operador não atribuído (D20),True,15:55,24:53,10,commercial_trip,Viagem,trip,1067,VOLTA,19:43,20:07,24,5691,5691,1,2,1,10,,,8,2,True,True,,,Aceitar com warning se os tempos estiverem aderentes a operacao real.,Segmento operacional agrupado com 2 viagens reais.
448,20,20,Operador não atribuído (D20),True,15:55,24:53,11,driver_vehicle_change,Troca de veículo,driver,,,20:07,20:07,0,,,0,1,1,,10,5,,,True,True,,,Aceitar com warning se os tempos estiverem aderentes a operacao real.,Motorista troca de veículo entre blocos distintos da mesma jornada.
448,20,20,Operador não atribuído (D20),True,15:55,24:53,12,driver_vehicle_change,Troca de veículo,driver,,,20:07,20:07,0,,,0,1,1,,10,5,,,True,True,,,Aceitar com warning se os tempos estiverem aderentes a operacao real.,Motorista troca de veículo entre blocos distintos da mesma jornada.
448,20,20,Operador não atribuído (D20),True,15:55,24:53,13,normal_break,Intervalo normal,driver,,,20:07,20:20,13,,,0,1,1,,10,5,,,True,True,,,Aceitar com warning se os tempos estiverem aderentes a operacao real.,
448,20,20,Operador não atribuído (D20),True,15:55,24:53,14,commercial_trip,Viagem,trip,1042,IDA,20:20,20:36,16,5699,5699,1,1,2,5,,,9,1,True,True,,,Aceitar com warning se os tempos estiverem aderentes a operacao real.,Segmento operacional agrupado com 2 viagens reais.
448,20,20,Operador não atribuído (D20),True,15:55,24:53,14,commercial_trip,Viagem,trip,1042,VOLTA,20:36,20:45,9,5701,5701,1,2,1,5,,,10,2,True,True,,,Aceitar com warning se os tempos estiverem aderentes a operacao real.,Segmento operacional agrupado com 2 viagens reais.
448,20,20,Operador não atribuído (D20),True,15:55,24:53,15,driver_vehicle_change,Troca de veículo,driver,,,20:45,20:45,0,,,0,1,1,,5,4,,,True,True,,,Aceitar com warning se os tempos estiverem aderentes a operacao real.,Motorista troca de veículo entre blocos distintos da mesma jornada.
448,20,20,Operador não atribuído (D20),True,15:55,24:53,16,driver_vehicle_change,Troca de veículo,driver,,,20:45,20:45,0,,,0,1,1,,5,4,,,True,True,,,Aceitar com warning se os tempos estiverem aderentes a operacao real.,Motorista troca de veículo entre blocos distintos da mesma jornada.
448,20,20,Operador não atribuído (D20),True,15:55,24:53,17,normal_break,Intervalo normal,driver,,,20:45,21:30,45,,,0,1,1,,5,4,,,True,True,,,Aceitar com warning se os tempos estiverem aderentes a operacao real.,
448,20,20,Operador não atribuído (D20),True,15:55,24:53,18,commercial_trip,Viagem,trip,1067,IDA,21:30,22:03,33,5711,5711,1,1,2,4,,,11,1,True,True,,,Aceitar com warning se os tempos estiverem aderentes a operacao real.,Segmento operacional agrupado com 2 viagens reais.
448,20,20,Operador não atribuído (D20),True,15:55,24:53,18,commercial_trip,Viagem,trip,1067,VOLTA,22:03,22:25,22,5713,5713,1,2,1,4,,,12,2,True,True,,,Aceitar com warning se os tempos estiverem aderentes a operacao real.,Segmento operacional agrupado com 2 viagens reais.
448,20,20,Operador não atribuído (D20),True,15:55,24:53,19,driver_vehicle_change,Troca de veículo,driver,,,22:25,22:25,0,,,0,1,1,,4,5,,,True,True,,,Aceitar com warning se os tempos estiverem aderentes a operacao real.,Motorista troca de veículo entre blocos distintos da mesma jornada.
448,20,20,Operador não atribuído (D20),True,15:55,24:53,20,driver_vehicle_change,Troca de veículo,driver,,,22:25,22:25,0,,,0,1,1,,4,5,,,True,True,,,Aceitar com warning se os tempos estiverem aderentes a operacao real.,Motorista troca de veículo entre blocos distintos da mesma jornada.
448,20,20,Operador não atribuído (D20),True,15:55,24:53,21,mandatory_rest,Descanso obrigatório,driver,,,22:25,24:05,100,,,0,1,1,,4,5,,,True,True,,,Aceitar com warning se os tempos estiverem aderentes a operacao real.,
448,20,20,Operador não atribuído (D20),True,15:55,24:53,22,commercial_trip,Viagem,trip,104201,IDA,24:05,24:32,27,5424,5424,1,1,2,5,,,13,1,True,True,,,Aceitar com warning se os tempos estiverem aderentes a operacao real.,Segmento operacional agrupado com 2 viagens reais.
448,20,20,Operador não atribuído (D20),True,15:55,24:53,22,commercial_trip,Viagem,trip,104201,VOLTA,24:32,24:43,11,5425,5425,1,2,1,5,,,14,2,True,True,,,Aceitar com warning se os tempos estiverem aderentes a operacao real.,Segmento operacional agrupado com 2 viagens reais.
448,20,20,Operador não atribuído (D20),True,15:55,24:53,23,pullback,Recolhimento,driver,,,24:43,24:53,10,,,0,1,1,,,,,,True,True,,,Aceitar com warning se os tempos estiverem aderentes a operacao real.,
448,20,20,Operador não atribuído (D20),True,15:55,24:53,24,duty_end,Fim de jornada,driver,,,24:53,24:53,0,,,0,1,1,,,,,,True,True,,,Aceitar com warning se os tempos estiverem aderentes a operacao real.,
448,21,21,Operador não atribuído (D21),True,15:11,24:19,1,duty_start,Início de jornada,driver,,,15:11,15:11,0,,,0,1,1,,,,,,True,True,,,Aceitar com warning se os tempos estiverem aderentes a operacao real.,
448,21,21,Operador não atribuído (D21),True,15:11,24:19,2,commercial_trip,Viagem,trip,1048,IDA,15:11,15:23,12,5609,5609,1,1,2,12,,,1,1,True,True,,,Aceitar com warning se os tempos estiverem aderentes a operacao real.,Segmento operacional agrupado com 2 viagens reais.
448,21,21,Operador não atribuído (D21),True,15:11,24:19,2,commercial_trip,Viagem,trip,1048,VOLTA,15:23,15:31,8,5612,5612,1,2,1,12,,,2,2,True,True,,,Aceitar com warning se os tempos estiverem aderentes a operacao real.,Segmento operacional agrupado com 2 viagens reais.
448,21,21,Operador não atribuído (D21),True,15:11,24:19,3,driver_vehicle_change,Troca de veículo,driver,,,15:31,15:31,0,,,0,1,1,,12,3,,,True,True,,,Aceitar com warning se os tempos estiverem aderentes a operacao real.,Motorista troca de veículo entre blocos distintos da mesma jornada.
448,21,21,Operador não atribuído (D21),True,15:11,24:19,4,driver_vehicle_change,Troca de veículo,driver,,,15:31,15:31,0,,,0,1,1,,12,3,,,True,True,,,Aceitar com warning se os tempos estiverem aderentes a operacao real.,Motorista troca de veículo entre blocos distintos da mesma jornada.
448,21,21,Operador não atribuído (D21),True,15:11,24:19,5,normal_break,Intervalo normal,driver,,,15:31,16:20,49,,,0,1,1,,12,3,,,True,True,,,Aceitar com warning se os tempos estiverem aderentes a operacao real.,
448,21,21,Operador não atribuído (D21),True,15:11,24:19,6,commercial_trip,Viagem,trip,1067,IDA,16:20,17:13,53,5638,5638,1,1,2,3,,,3,1,True,True,,,Aceitar com warning se os tempos estiverem aderentes a operacao real.,Segmento operacional agrupado com 2 viagens reais.
448,21,21,Operador não atribuído (D21),True,15:11,24:19,6,commercial_trip,Viagem,trip,1067,VOLTA,17:13,17:46,33,5647,5647,1,2,1,3,,,4,2,True,True,,,Aceitar com warning se os tempos estiverem aderentes a operacao real.,Segmento operacional agrupado com 2 viagens reais.
448,21,21,Operador não atribuído (D21),True,15:11,24:19,7,normal_break,Intervalo normal,driver,,,17:46,17:57,11,,,0,1,1,,3,3,,,True,True,,,Aceitar com warning se os tempos estiverem aderentes a operacao real.,
448,21,21,Operador não atribuído (D21),True,15:11,24:19,8,commercial_trip,Viagem,trip,1048,IDA,17:57,18:13,16,5654,5654,1,1,2,3,,,5,1,True,True,,,Aceitar com warning se os tempos estiverem aderentes a operacao real.,Segmento operacional agrupado com 2 viagens reais.
448,21,21,Operador não atribuído (D21),True,15:11,24:19,8,commercial_trip,Viagem,trip,1048,VOLTA,18:13,18:20,7,5657,5657,1,2,1,3,,,6,2,True,True,,,Aceitar com warning se os tempos estiverem aderentes a operacao real.,Segmento operacional agrupado com 2 viagens reais.
448,21,21,Operador não atribuído (D21),True,15:11,24:19,9,normal_break,Intervalo normal,driver,,,18:20,18:33,13,,,0,1,1,,3,3,,,True,True,,,Aceitar com warning se os tempos estiverem aderentes a operacao real.,
448,21,21,Operador não atribuído (D21),True,15:11,24:19,10,commercial_trip,Viagem,trip,1048,IDA,18:33,18:48,15,5666,5666,1,1,2,3,,,7,1,True,True,,,Aceitar com warning se os tempos estiverem aderentes a operacao real.,Segmento operacional agrupado com 2 viagens reais.
448,21,21,Operador não atribuído (D21),True,15:11,24:19,10,commercial_trip,Viagem,trip,1048,VOLTA,18:48,18:55,7,5669,5669,1,2,1,3,,,8,2,True,True,,,Aceitar com warning se os tempos estiverem aderentes a operacao real.,Segmento operacional agrupado com 2 viagens reais.
448,21,21,Operador não atribuído (D21),True,15:11,24:19,11,driver_vehicle_change,Troca de veículo,driver,,,18:55,18:55,0,,,0,1,1,,3,6,,,True,True,,,Aceitar com warning se os tempos estiverem aderentes a operacao real.,Motorista troca de veículo entre blocos distintos da mesma jornada.
448,21,21,Operador não atribuído (D21),True,15:11,24:19,12,driver_vehicle_change,Troca de veículo,driver,,,18:55,18:55,0,,,0,1,1,,3,6,,,True,True,,,Aceitar com warning se os tempos estiverem aderentes a operacao real.,Motorista troca de veículo entre blocos distintos da mesma jornada.
448,21,21,Operador não atribuído (D21),True,15:11,24:19,13,normal_break,Intervalo normal,driver,,,18:55,19:20,25,,,0,1,1,,3,6,,,True,True,,,Aceitar com warning se os tempos estiverem aderentes a operacao real.,
448,21,21,Operador não atribuído (D21),True,15:11,24:19,14,commercial_trip,Viagem,trip,1042,IDA,19:20,19:39,19,5681,5681,1,1,2,6,,,9,1,True,True,,,Aceitar com warning se os tempos estiverem aderentes a operacao real.,Segmento operacional agrupado com 2 viagens reais.
448,21,21,Operador não atribuído (D21),True,15:11,24:19,14,commercial_trip,Viagem,trip,1042,VOLTA,19:39,19:48,9,5686,5686,1,2,1,6,,,10,2,True,True,,,Aceitar com warning se os tempos estiverem aderentes a operacao real.,Segmento operacional agrupado com 2 viagens reais.
448,21,21,Operador não atribuído (D21),True,15:11,24:19,15,driver_vehicle_change,Troca de veículo,driver,,,19:48,19:48,0,,,0,1,1,,6,2,,,True,True,,,Aceitar com warning se os tempos estiverem aderentes a operacao real.,Motorista troca de veículo entre blocos distintos da mesma jornada.
448,21,21,Operador não atribuído (D21),True,15:11,24:19,16,driver_vehicle_change,Troca de veículo,driver,,,19:48,19:48,0,,,0,1,1,,6,2,,,True,True,,,Aceitar com warning se os tempos estiverem aderentes a operacao real.,Motorista troca de veículo entre blocos distintos da mesma jornada.
448,21,21,Operador não atribuído (D21),True,15:11,24:19,17,normal_break,Intervalo normal,driver,,,19:48,20:10,22,,,0,1,1,,6,2,,,True,True,,,Aceitar com warning se os tempos estiverem aderentes a operacao real.,
448,21,21,Operador não atribuído (D21),True,15:11,24:19,18,commercial_trip,Viagem,trip,1067,IDA,20:10,20:55,45,5704,5704,1,1,2,2,,,11,1,True,True,,,Aceitar com warning se os tempos estiverem aderentes a operacao real.,Segmento operacional agrupado com 2 viagens reais.
448,21,21,Operador não atribuído (D21),True,15:11,24:19,18,commercial_trip,Viagem,trip,1067,VOLTA,20:55,21:19,24,5706,5706,1,2,1,2,,,12,2,True,True,,,Aceitar com warning se os tempos estiverem aderentes a operacao real.,Segmento operacional agrupado com 2 viagens reais.
448,21,21,Operador não atribuído (D21),True,15:11,24:19,19,driver_vehicle_change,Troca de veículo,driver,,,21:19,21:19,0,,,0,1,1,,2,7,,,True,True,,,Aceitar com warning se os tempos estiverem aderentes a operacao real.,Motorista troca de veículo entre blocos distintos da mesma jornada.
448,21,21,Operador não atribuído (D21),True,15:11,24:19,20,driver_vehicle_change,Troca de veículo,driver,,,21:19,21:19,0,,,0,1,1,,2,7,,,True,True,,,Aceitar com warning se os tempos estiverem aderentes a operacao real.,Motorista troca de veículo entre blocos distintos da mesma jornada.
448,21,21,Operador não atribuído (D21),True,15:11,24:19,21,mandatory_rest,Descanso obrigatório,driver,,,21:19,22:20,61,,,0,1,1,,2,7,,,True,True,,,Aceitar com warning se os tempos estiverem aderentes a operacao real.,
448,21,21,Operador não atribuído (D21),True,15:11,24:19,22,commercial_trip,Viagem,trip,104201,IDA,22:20,22:47,27,5714,5714,1,1,2,7,,,13,1,True,True,,,Aceitar com warning se os tempos estiverem aderentes a operacao real.,Segmento operacional agrupado com 2 viagens reais.
448,21,21,Operador não atribuído (D21),True,15:11,24:19,22,commercial_trip,Viagem,trip,104201,VOLTA,22:47,22:58,11,5716,5716,1,2,1,7,,,14,2,True,True,,,Aceitar com warning se os tempos estiverem aderentes a operacao real.,Segmento operacional agrupado com 2 viagens reais.
448,21,21,Operador não atribuído (D21),True,15:11,24:19,23,driver_vehicle_change,Troca de veículo,driver,,,22:58,22:58,0,,,0,1,1,,7,3,,,True,True,,,Aceitar com warning se os tempos estiverem aderentes a operacao real.,Motorista troca de veículo entre blocos distintos da mesma jornada.
448,21,21,Operador não atribuído (D21),True,15:11,24:19,24,driver_vehicle_change,Troca de veículo,driver,,,22:58,22:58,0,,,0,1,1,,7,3,,,True,True,,,Aceitar com warning se os tempos estiverem aderentes a operacao real.,Motorista troca de veículo entre blocos distintos da mesma jornada.
448,21,21,Operador não atribuído (D21),True,15:11,24:19,25,normal_break,Intervalo normal,driver,,,22:58,23:25,27,,,0,1,1,,7,3,,,True,True,,,Aceitar com warning se os tempos estiverem aderentes a operacao real.,
448,21,21,Operador não atribuído (D21),True,15:11,24:19,26,commercial_trip,Viagem,trip,1067,IDA,23:25,23:54,29,5720,5720,1,1,2,3,,,15,1,True,True,,,Aceitar com warning se os tempos estiverem aderentes a operacao real.,Segmento operacional agrupado com 2 viagens reais.
448,21,21,Operador não atribuído (D21),True,15:11,24:19,26,commercial_trip,Viagem,trip,1067,VOLTA,23:54,24:09,15,5423,5423,1,2,1,3,,,16,2,True,True,,,Aceitar com warning se os tempos estiverem aderentes a operacao real.,Segmento operacional agrupado com 2 viagens reais.
448,21,21,Operador não atribuído (D21),True,15:11,24:19,27,pullback,Recolhimento,driver,,,24:09,24:19,10,,,0,1,1,,,,,,True,True,,,Aceitar com warning se os tempos estiverem aderentes a operacao real.,
448,21,21,Operador não atribuído (D21),True,15:11,24:19,28,duty_end,Fim de jornada,driver,,,24:19,24:19,0,,,0,1,1,,,,,,True,True,,,Aceitar com warning se os tempos estiverem aderentes a operacao real.,
448,22,22,Operador não atribuído (D22),True,17:40,20:30,1,duty_start,Início de jornada,driver,,,17:40,17:40,0,,,0,1,1,,,,,,False,False,,,Aceitar com warning se os tempos estiverem aderentes a operacao real.,
448,22,22,Operador não atribuído (D22),True,17:40,20:30,2,commercial_trip,Viagem,trip,1042,IDA,17:40,18:00,20,5650,5650,1,1,2,8,,,1,1,False,False,,,Aceitar com warning se os tempos estiverem aderentes a operacao real.,Segmento operacional agrupado com 2 viagens reais.
448,22,22,Operador não atribuído (D22),True,17:40,20:30,2,commercial_trip,Viagem,trip,1042,VOLTA,18:00,18:11,11,5653,5653,1,2,1,8,,,2,2,False,False,,,Aceitar com warning se os tempos estiverem aderentes a operacao real.,Segmento operacional agrupado com 2 viagens reais.
448,22,22,Operador não atribuído (D22),True,17:40,20:30,3,driver_vehicle_change,Troca de veículo,driver,,,18:11,18:11,0,,,0,1,1,,8,5,,,False,False,,,Aceitar com warning se os tempos estiverem aderentes a operacao real.,Motorista troca de veículo entre blocos distintos da mesma jornada.
448,22,22,Operador não atribuído (D22),True,17:40,20:30,4,driver_vehicle_change,Troca de veículo,driver,,,18:11,18:11,0,,,0,1,1,,8,5,,,False,False,,,Aceitar com warning se os tempos estiverem aderentes a operacao real.,Motorista troca de veículo entre blocos distintos da mesma jornada.
448,22,22,Operador não atribuído (D22),True,17:40,20:30,5,normal_break,Intervalo normal,driver,,,18:11,18:25,14,,,0,1,1,,8,5,,,False,False,,,Aceitar com warning se os tempos estiverem aderentes a operacao real.,
448,22,22,Operador não atribuído (D22),True,17:40,20:30,6,commercial_trip,Viagem,trip,1067,IDA,18:25,19:19,54,5675,5675,1,1,2,5,,,3,1,False,False,,,Aceitar com warning se os tempos estiverem aderentes a operacao real.,Segmento operacional agrupado com 2 viagens reais.
448,22,22,Operador não atribuído (D22),True,17:40,20:30,6,commercial_trip,Viagem,trip,1067,VOLTA,19:19,19:45,26,5684,5684,1,2,1,5,,,4,2,False,False,,,Aceitar com warning se os tempos estiverem aderentes a operacao real.,Segmento operacional agrupado com 2 viagens reais.
448,22,22,Operador não atribuído (D22),True,17:40,20:30,7,driver_vehicle_change,Troca de veículo,driver,,,19:45,19:45,0,,,0,1,1,,5,12,,,False,False,,,Aceitar com warning se os tempos estiverem aderentes a operacao real.,Motorista troca de veículo entre blocos distintos da mesma jornada.
448,22,22,Operador não atribuído (D22),True,17:40,20:30,8,driver_vehicle_change,Troca de veículo,driver,,,19:45,19:45,0,,,0,1,1,,5,12,,,False,False,,,Aceitar com warning se os tempos estiverem aderentes a operacao real.,Motorista troca de veículo entre blocos distintos da mesma jornada.
448,22,22,Operador não atribuído (D22),True,17:40,20:30,9,normal_break,Intervalo normal,driver,,,19:45,20:03,18,,,0,1,1,,5,12,,,False,False,,,Aceitar com warning se os tempos estiverem aderentes a operacao real.,
448,22,22,Operador não atribuído (D22),True,17:40,20:30,10,commercial_trip,Viagem,trip,1048,IDA,20:03,20:14,11,5693,5693,1,1,2,12,,,5,1,False,False,,,Aceitar com warning se os tempos estiverem aderentes a operacao real.,Segmento operacional agrupado com 2 viagens reais.
448,22,22,Operador não atribuído (D22),True,17:40,20:30,10,commercial_trip,Viagem,trip,1048,VOLTA,20:14,20:20,6,5695,5695,1,2,1,12,,,6,2,False,False,,,Aceitar com warning se os tempos estiverem aderentes a operacao real.,Segmento operacional agrupado com 2 viagens reais.
448,22,22,Operador não atribuído (D22),True,17:40,20:30,11,pullback,Recolhimento,driver,,,20:20,20:30,10,,,0,1,1,,,,,,False,False,,,Aceitar com warning se os tempos estiverem aderentes a operacao real.,
448,22,22,Operador não atribuído (D22),True,17:40,20:30,12,duty_end,Fim de jornada,driver,,,20:30,20:30,0,,,0,1,1,,,,,,False,False,,,Aceitar com warning se os tempos estiverem aderentes a operacao real.,
448,23,23,Operador não atribuído (D23),True,18:40,20:05,1,duty_start,Início de jornada,driver,,,18:40,18:40,0,,,0,1,1,,,,,,False,False,,,Aceitar com warning se os tempos estiverem aderentes a operacao real.,
448,23,23,Operador não atribuído (D23),True,18:40,20:05,2,commercial_trip,Viagem,trip,1042,IDA,18:40,18:59,19,5670,5670,1,1,2,2,,,1,1,False,False,,,Aceitar com warning se os tempos estiverem aderentes a operacao real.,Segmento operacional agrupado com 2 viagens reais.
448,23,23,Operador não atribuído (D23),True,18:40,20:05,2,commercial_trip,Viagem,trip,1042,VOLTA,18:59,19:09,10,5673,5673,1,2,1,2,,,2,2,False,False,,,Aceitar com warning se os tempos estiverem aderentes a operacao real.,Segmento operacional agrupado com 2 viagens reais.
448,23,23,Operador não atribuído (D23),True,18:40,20:05,3,driver_vehicle_change,Troca de veículo,driver,,,19:09,19:09,0,,,0,1,1,,2,1,,,False,False,,,Aceitar com warning se os tempos estiverem aderentes a operacao real.,Motorista troca de veículo entre blocos distintos da mesma jornada.
448,23,23,Operador não atribuído (D23),True,18:40,20:05,4,driver_vehicle_change,Troca de veículo,driver,,,19:09,19:09,0,,,0,1,1,,2,1,,,False,False,,,Aceitar com warning se os tempos estiverem aderentes a operacao real.,Motorista troca de veículo entre blocos distintos da mesma jornada.
448,23,23,Operador não atribuído (D23),True,18:40,20:05,5,normal_break,Intervalo normal,driver,,,19:09,19:45,36,,,0,1,1,,2,1,,,False,False,,,Aceitar com warning se os tempos estiverem aderentes a operacao real.,
448,23,23,Operador não atribuído (D23),True,18:40,20:05,6,commercial_trip,Viagem,trip,1048,IDA,19:45,19:58,13,5687,5687,1,1,2,1,,,3,1,False,False,,,Aceitar com warning se os tempos estiverem aderentes a operacao real.,Segmento operacional agrupado com 2 viagens reais.
448,23,23,Operador não atribuído (D23),True,18:40,20:05,6,commercial_trip,Viagem,trip,1048,VOLTA,19:58,20:05,7,5690,5690,1,2,1,1,,,4,2,False,False,,,Aceitar com warning se os tempos estiverem aderentes a operacao real.,Segmento operacional agrupado com 2 viagens reais.
448,23,23,Operador não atribuído (D23),True,18:40,20:05,7,duty_end,Fim de jornada,driver,,,20:05,20:05,0,,,0,1,1,,,,,,False,False,,,Aceitar com warning se os tempos estiverem aderentes a operacao real.,
