schedule_id,block_id,duty_id,driver_id,vehicle_id,from_vehicle_id,to_vehicle_id,sequence,event_type,event_label,event_scope,start_time,end_time,duration_minutes,origin_id,destination_id,trip_ids,trip_count,is_work_time,is_driving_time,is_idle_time,is_normal_break,is_mandatory_rest,is_pullout,is_pullback,rest_valid,rule_code,violation_code,explanation
448,,1,1,,,,1,duty_start,Início de jornada,driver,04:20,04:20,0,1,1,,0,False,False,False,False,False,False,False,False,,,Motorista real não disponível; usando identificador da duty
448,,1,1,,,,2,pullout,Soltura,driver,04:20,04:30,10,1,1,,0,False,False,False,False,False,True,False,False,,,Motorista real não disponível; usando identificador da duty
448,1,1,1,1,,,3,commercial_trip_bundle,Viagem agrupada,driver_vehicle,04:30,04:52,22,1,1,5426;5429,2,True,True,False,False,False,False,False,False,,,Segmento operacional agrupado com 2 viagens reais.
448,1,1,1,,1,6,4,driver_vehicle_change,Troca de veículo,driver,04:52,04:52,0,1,1,,0,False,False,False,False,False,False,False,False,,,Motorista troca de veículo entre blocos distintos da mesma jornada.
448,1,1,1,,1,6,5,driver_vehicle_change,Troca de veículo,driver,04:52,04:52,0,1,1,,0,False,False,False,False,False,False,False,False,,,Motorista troca de veículo entre blocos distintos da mesma jornada.
448,1,1,1,,1,6,6,normal_break,Intervalo normal,driver,04:52,05:04,12,1,1,,0,False,False,False,True,False,False,False,False,,,Motorista real não disponível; usando identificador da duty
448,6,1,1,6,,,7,commercial_trip_bundle,Viagem agrupada,driver_vehicle,05:04,05:22,18,1,1,5434;5435,2,True,True,False,False,False,False,False,False,,,Segmento operacional agrupado com 2 viagens reais.
448,6,1,1,,6,6,8,normal_break,Intervalo normal,driver,05:22,05:40,18,1,1,,0,False,False,False,True,False,False,False,False,,,Motorista real não disponível; usando identificador da duty
448,6,1,1,6,,,9,commercial_trip_bundle,Viagem agrupada,driver_vehicle,05:40,06:42,62,1,1,5453;5464,2,True,True,False,False,False,False,False,False,,,Segmento operacional agrupado com 2 viagens reais.
448,6,1,1,,6,2,10,driver_vehicle_change,Troca de veículo,driver,06:42,06:42,0,1,1,,0,False,False,False,False,False,False,False,False,,,Motorista troca de veículo entre blocos distintos da mesma jornada.
448,6,1,1,,6,2,11,driver_vehicle_change,Troca de veículo,driver,06:42,06:42,0,1,1,,0,False,False,False,False,False,False,False,False,,,Motorista troca de veículo entre blocos distintos da mesma jornada.
448,6,1,1,,6,2,12,normal_break,Intervalo normal,driver,06:42,06:59,17,1,1,,0,False,False,False,True,False,False,False,False,,,Motorista real não disponível; usando identificador da duty
448,2,1,1,2,,,13,commercial_trip_bundle,Viagem agrupada,driver_vehicle,06:59,07:19,20,1,1,5476;5480,2,True,True,False,False,False,False,False,False,,,Segmento operacional agrupado com 2 viagens reais.
448,2,1,1,,2,8,14,driver_vehicle_change,Troca de veículo,driver,07:19,07:19,0,1,1,,0,False,False,False,False,False,False,False,False,,,Motorista troca de veículo entre blocos distintos da mesma jornada.
448,2,1,1,,2,8,15,driver_vehicle_change,Troca de veículo,driver,07:19,07:19,0,1,1,,0,False,False,False,False,False,False,False,False,,,Motorista troca de veículo entre blocos distintos da mesma jornada.
448,2,1,1,,2,8,16,normal_break,Intervalo normal,driver,07:19,07:40,21,1,1,,0,False,False,False,True,False,False,False,False,,,Motorista real não disponível; usando identificador da duty
448,8,1,1,8,,,17,commercial_trip_bundle,Viagem agrupada,driver_vehicle,07:40,08:59,79,1,1,5503;5511,2,True,True,False,False,False,False,False,False,,,Segmento operacional agrupado com 2 viagens reais.
448,8,1,1,,8,7,18,driver_vehicle_change,Troca de veículo,driver,08:59,08:59,0,1,1,,0,False,False,False,False,False,False,False,False,,,Motorista troca de veículo entre blocos distintos da mesma jornada.
448,8,1,1,,8,7,19,driver_vehicle_change,Troca de veículo,driver,08:59,08:59,0,1,1,,0,False,False,False,False,False,False,False,False,,,Motorista troca de veículo entre blocos distintos da mesma jornada.
448,8,1,1,,8,7,20,normal_break,Intervalo normal,driver,08:59,09:11,12,1,1,,0,False,False,False,True,False,False,False,False,,,Motorista real não disponível; usando identificador da duty
448,7,1,1,7,,,21,commercial_trip_bundle,Viagem agrupada,driver_vehicle,09:11,09:31,20,1,1,5518;5521,2,True,True,False,False,False,False,False,False,,,Segmento operacional agrupado com 2 viagens reais.
448,7,1,1,,7,11,22,driver_vehicle_change,Troca de veículo,driver,09:31,09:31,0,1,1,,0,False,False,False,False,False,False,False,False,,,Motorista troca de veículo entre blocos distintos da mesma jornada.
448,7,1,1,,7,11,23,driver_vehicle_change,Troca de veículo,driver,09:31,09:31,0,1,1,,0,False,False,False,False,False,False,False,False,,,Motorista troca de veículo entre blocos distintos da mesma jornada.
448,7,1,1,,7,11,24,normal_break,Intervalo normal,driver,09:31,10:05,34,1,1,,0,False,False,False,True,False,False,False,False,,,Motorista real não disponível; usando identificador da duty
448,11,1,1,11,,,25,commercial_trip_bundle,Viagem agrupada,driver_vehicle,10:05,11:14,69,1,1,5541;5549,2,True,True,False,False,False,False,False,False,,,Segmento operacional agrupado com 2 viagens reais.
448,11,1,1,,11,12,26,driver_vehicle_change,Troca de veículo,driver,11:14,11:14,0,1,1,,0,False,False,False,False,False,False,False,False,,,Motorista troca de veículo entre blocos distintos da mesma jornada.
448,11,1,1,,11,12,27,driver_vehicle_change,Troca de veículo,driver,11:14,11:14,0,1,1,,0,False,False,False,False,False,False,False,False,,,Motorista troca de veículo entre blocos distintos da mesma jornada.
448,11,1,1,,11,12,28,mandatory_rest,Descanso obrigatório,driver,11:14,12:55,101,1,1,,0,False,False,False,False,True,False,False,True,,,Motorista real não disponível; usando identificador da duty
448,12,1,1,12,,,29,commercial_trip_bundle,Viagem agrupada,driver_vehicle,12:55,13:26,31,1,1,5578;5581,2,True,True,False,False,False,False,False,False,,,Segmento operacional agrupado com 2 viagens reais.
448,,1,1,,,,30,duty_end,Fim de jornada,driver,13:26,13:26,0,1,1,,0,False,False,False,False,False,False,False,False,,,Motorista real não disponível; usando identificador da duty
448,,2,2,,,,1,duty_start,Início de jornada,driver,04:20,04:20,0,1,1,,0,False,False,False,False,False,False,False,False,,,Motorista real não disponível; usando identificador da duty
448,,2,2,,,,2,pullout,Soltura,driver,04:20,04:30,10,1,1,,0,False,False,False,False,False,True,False,False,,,Motorista real não disponível; usando identificador da duty
448,2,2,2,2,,,3,commercial_trip_bundle,Viagem agrupada,driver_vehicle,04:30,05:31,61,1,1,5431;5439,2,True,True,False,False,False,False,False,False,,,Segmento operacional agrupado com 2 viagens reais.
448,2,2,2,,2,3,4,driver_vehicle_change,Troca de veículo,driver,05:31,05:31,0,1,1,,0,False,False,False,False,False,False,False,False,,,Motorista troca de veículo entre blocos distintos da mesma jornada.
448,2,2,2,,2,3,5,driver_vehicle_change,Troca de veículo,driver,05:31,05:31,0,1,1,,0,False,False,False,False,False,False,False,False,,,Motorista troca de veículo entre blocos distintos da mesma jornada.
448,2,2,2,,2,3,6,normal_break,Intervalo normal,driver,05:31,05:45,14,1,1,,0,False,False,False,True,False,False,False,False,,,Motorista real não disponível; usando identificador da duty
448,3,2,2,3,,,7,commercial_trip_bundle,Viagem agrupada,driver_vehicle,05:45,06:11,26,1,1,5447;5450,2,True,True,False,False,False,False,False,False,,,Segmento operacional agrupado com 2 viagens reais.
448,3,2,2,,3,3,8,normal_break,Intervalo normal,driver,06:11,06:26,15,1,1,,0,False,False,False,True,False,False,False,False,,,Motorista real não disponível; usando identificador da duty
448,3,2,2,3,,,9,commercial_trip_bundle,Viagem agrupada,driver_vehicle,06:26,06:53,27,1,1,5463;5468,2,True,True,False,False,False,False,False,False,,,Segmento operacional agrupado com 2 viagens reais.
448,3,2,2,,3,3,10,normal_break,Intervalo normal,driver,06:53,07:10,17,1,1,,0,False,False,False,True,False,False,False,False,,,Motorista real não disponível; usando identificador da duty
448,3,2,2,3,,,11,commercial_trip_bundle,Viagem agrupada,driver_vehicle,07:10,07:39,29,1,1,5482;5487,2,True,True,False,False,False,False,False,False,,,Segmento operacional agrupado com 2 viagens reais.
448,3,2,2,,3,2,12,driver_vehicle_change,Troca de veículo,driver,07:39,07:39,0,1,1,,0,False,False,False,False,False,False,False,False,,,Motorista troca de veículo entre blocos distintos da mesma jornada.
448,3,2,2,,3,2,13,driver_vehicle_change,Troca de veículo,driver,07:39,07:39,0,1,1,,0,False,False,False,False,False,False,False,False,,,Motorista troca de veículo entre blocos distintos da mesma jornada.
448,3,2,2,,3,2,14,normal_break,Intervalo normal,driver,07:39,08:00,21,1,1,,0,False,False,False,True,False,False,False,False,,,Motorista real não disponível; usando identificador da duty
448,2,2,2,2,,,15,commercial_trip_bundle,Viagem agrupada,driver_vehicle,08:00,09:11,71,1,1,5507;5516,2,True,True,False,False,False,False,False,False,,,Segmento operacional agrupado com 2 viagens reais.
448,2,2,2,,2,6,16,driver_vehicle_change,Troca de veículo,driver,09:11,09:11,0,1,1,,0,False,False,False,False,False,False,False,False,,,Motorista troca de veículo entre blocos distintos da mesma jornada.
448,2,2,2,,2,6,17,driver_vehicle_change,Troca de veículo,driver,09:11,09:11,0,1,1,,0,False,False,False,False,False,False,False,False,,,Motorista troca de veículo entre blocos distintos da mesma jornada.
448,2,2,2,,2,6,18,normal_break,Intervalo normal,driver,09:11,09:35,24,1,1,,0,False,False,False,True,False,False,False,False,,,Motorista real não disponível; usando identificador da duty
448,6,2,2,6,,,19,commercial_trip_bundle,Viagem agrupada,driver_vehicle,09:35,09:55,20,1,1,5525;5527,2,True,True,False,False,False,False,False,False,,,Segmento operacional agrupado com 2 viagens reais.
448,6,2,2,,6,1,20,driver_vehicle_change,Troca de veículo,driver,09:55,09:55,0,1,1,,0,False,False,False,False,False,False,False,False,,,Motorista troca de veículo entre blocos distintos da mesma jornada.
448,6,2,2,,6,1,21,driver_vehicle_change,Troca de veículo,driver,09:55,09:55,0,1,1,,0,False,False,False,False,False,False,False,False,,,Motorista troca de veículo entre blocos distintos da mesma jornada.
448,6,2,2,,6,1,22,normal_break,Intervalo normal,driver,09:55,10:47,52,1,1,,0,False,False,False,True,False,False,False,False,,,Motorista real não disponível; usando identificador da duty
448,1,2,2,1,,,23,commercial_trip_bundle,Viagem agrupada,driver_vehicle,10:47,11:10,23,1,1,5544;5547,2,True,True,False,False,False,False,False,False,,,Segmento operacional agrupado com 2 viagens reais.
448,1,2,2,,1,7,24,driver_vehicle_change,Troca de veículo,driver,11:10,11:10,0,1,1,,0,False,False,False,False,False,False,False,False,,,Motorista troca de veículo entre blocos distintos da mesma jornada.
448,1,2,2,,1,7,25,driver_vehicle_change,Troca de veículo,driver,11:10,11:10,0,1,1,,0,False,False,False,False,False,False,False,False,,,Motorista troca de veículo entre blocos distintos da mesma jornada.
448,1,2,2,,1,7,26,mandatory_rest,Descanso obrigatório,driver,11:10,11:45,35,1,1,,0,False,False,False,False,True,False,False,True,,,Motorista real não disponível; usando identificador da duty
448,7,2,2,7,,,27,commercial_trip_bundle,Viagem agrupada,driver_vehicle,11:45,12:50,65,1,1,5565;5572,2,True,True,False,False,False,False,False,False,,,Segmento operacional agrupado com 2 viagens reais.
448,7,2,2,,7,3,28,driver_vehicle_change,Troca de veículo,driver,12:50,12:50,0,1,1,,0,False,False,False,False,False,False,False,False,,,Motorista troca de veículo entre blocos distintos da mesma jornada.
448,7,2,2,,7,3,29,driver_vehicle_change,Troca de veículo,driver,12:50,12:50,0,1,1,,0,False,False,False,False,False,False,False,False,,,Motorista troca de veículo entre blocos distintos da mesma jornada.
448,7,2,2,,7,3,30,normal_break,Intervalo normal,driver,12:50,13:11,21,1,1,,0,False,False,False,True,False,False,False,False,,,Motorista real não disponível; usando identificador da duty
448,3,2,2,3,,,31,commercial_trip_bundle,Viagem agrupada,driver_vehicle,13:11,13:32,21,1,1,5580;5582,2,True,True,False,False,False,False,False,False,,,Segmento operacional agrupado com 2 viagens reais.
448,,2,2,,,,32,duty_end,Fim de jornada,driver,13:32,13:32,0,1,1,,0,False,False,False,False,False,False,False,False,,,Motorista real não disponível; usando identificador da duty
448,,3,3,,,,1,duty_start,Início de jornada,driver,04:25,04:25,0,1,1,,0,False,False,False,False,False,False,False,False,,,Motorista real não disponível; usando identificador da duty
448,,3,3,,,,2,pullout,Soltura,driver,04:25,04:35,10,1,1,,0,False,False,False,False,False,True,False,False,,,Motorista real não disponível; usando identificador da duty
448,3,3,3,3,,,3,commercial_trip_bundle,Viagem agrupada,driver_vehicle,04:35,04:48,13,1,1,5427;5428,2,True,True,False,False,False,False,False,False,,,Segmento operacional agrupado com 2 viagens reais.
448,3,3,3,,3,3,4,normal_break,Intervalo normal,driver,04:48,05:00,12,1,1,,0,False,False,False,True,False,False,False,False,,,Motorista real não disponível; usando identificador da duty
448,3,3,3,3,,,5,commercial_trip_bundle,Viagem agrupada,driver_vehicle,05:00,05:26,26,1,1,5433;5436,2,True,True,False,False,False,False,False,False,,,Segmento operacional agrupado com 2 viagens reais.
448,3,3,3,,3,2,6,driver_vehicle_change,Troca de veículo,driver,05:26,05:26,0,1,1,,0,False,False,False,False,False,False,False,False,,,Motorista troca de veículo entre blocos distintos da mesma jornada.
448,3,3,3,,3,2,7,driver_vehicle_change,Troca de veículo,driver,05:26,05:26,0,1,1,,0,False,False,False,False,False,False,False,False,,,Motorista troca de veículo entre blocos distintos da mesma jornada.
448,3,3,3,,3,2,8,normal_break,Intervalo normal,driver,05:26,05:49,23,1,1,,0,False,False,False,True,False,False,False,False,,,Motorista real não disponível; usando identificador da duty
448,2,3,3,2,,,9,commercial_trip_bundle,Viagem agrupada,driver_vehicle,05:49,06:08,19,1,1,5448;5449,2,True,True,False,False,False,False,False,False,,,Segmento operacional agrupado com 2 viagens reais.
448,2,3,3,,2,2,10,normal_break,Intervalo normal,driver,06:08,06:18,10,1,1,,0,False,False,False,True,False,False,False,False,,,Motorista real não disponível; usando identificador da duty
448,2,3,3,2,,,11,commercial_trip_bundle,Viagem agrupada,driver_vehicle,06:18,06:45,27,1,1,5459;5465,2,True,True,False,False,False,False,False,False,,,Segmento operacional agrupado com 2 viagens reais.
448,2,3,3,,2,6,12,driver_vehicle_change,Troca de veículo,driver,06:45,06:45,0,1,1,,0,False,False,False,False,False,False,False,False,,,Motorista troca de veículo entre blocos distintos da mesma jornada.
448,2,3,3,,2,6,13,driver_vehicle_change,Troca de veículo,driver,06:45,06:45,0,1,1,,0,False,False,False,False,False,False,False,False,,,Motorista troca de veículo entre blocos distintos da mesma jornada.
448,2,3,3,,2,6,14,normal_break,Intervalo normal,driver,06:45,07:00,15,1,1,,0,False,False,False,True,False,False,False,False,,,Motorista real não disponível; usando identificador da duty
448,6,3,3,6,,,15,commercial_trip_bundle,Viagem agrupada,driver_vehicle,07:00,07:29,29,1,1,5478;5483,2,True,True,False,False,False,False,False,False,,,Segmento operacional agrupado com 2 viagens reais.
448,,3,3,,,,16,duty_end,Fim de jornada,driver,07:29,07:29,0,1,1,,0,False,False,False,False,False,False,False,False,,,Motorista real não disponível; usando identificador da duty
448,,4,4,,,,1,duty_start,Início de jornada,driver,04:35,04:35,0,1,1,,0,False,False,False,False,False,False,False,False,,,Motorista real não disponível; usando identificador da duty
448,,4,4,,,,2,pullout,Soltura,driver,04:35,04:45,10,1,1,,0,False,False,False,False,False,True,False,False,,,Motorista real não disponível; usando identificador da duty
448,4,4,4,4,,,3,commercial_trip_bundle,Viagem agrupada,driver_vehicle,04:45,05:07,22,1,1,5430;5432,2,True,True,False,False,False,False,False,False,,,Segmento operacional agrupado com 2 viagens reais.
448,4,4,4,,4,4,4,normal_break,Intervalo normal,driver,05:07,05:20,13,1,1,,0,False,False,False,True,False,False,False,False,,,Motorista real não disponível; usando identificador da duty
448,4,4,4,4,,,5,commercial_trip_bundle,Viagem agrupada,driver_vehicle,05:20,06:21,61,1,1,5444;5454,2,True,True,False,False,False,False,False,False,,,Segmento operacional agrupado com 2 viagens reais.
448,4,4,4,,4,9,6,driver_vehicle_change,Troca de veículo,driver,06:21,06:21,0,1,1,,0,False,False,False,False,False,False,False,False,,,Motorista troca de veículo entre blocos distintos da mesma jornada.
448,4,4,4,,4,9,7,driver_vehicle_change,Troca de veículo,driver,06:21,06:21,0,1,1,,0,False,False,False,False,False,False,False,False,,,Motorista troca de veículo entre blocos distintos da mesma jornada.
448,4,4,4,,4,9,8,normal_break,Intervalo normal,driver,06:21,06:34,13,1,1,,0,False,False,False,True,False,False,False,False,,,Motorista real não disponível; usando identificador da duty
448,9,4,4,9,,,9,commercial_trip_bundle,Viagem agrupada,driver_vehicle,06:34,07:01,27,1,1,5466;5472,2,True,True,False,False,False,False,False,False,,,Segmento operacional agrupado com 2 viagens reais.
448,9,4,4,,9,1,10,driver_vehicle_change,Troca de veículo,driver,07:01,07:01,0,1,1,,0,False,False,False,False,False,False,False,False,,,Motorista troca de veículo entre blocos distintos da mesma jornada.
448,9,4,4,,9,1,11,driver_vehicle_change,Troca de veículo,driver,07:01,07:01,0,1,1,,0,False,False,False,False,False,False,False,False,,,Motorista troca de veículo entre blocos distintos da mesma jornada.
448,9,4,4,,9,1,12,normal_break,Intervalo normal,driver,07:01,07:20,19,1,1,,0,False,False,False,True,False,False,False,False,,,Motorista real não disponível; usando identificador da duty
448,1,4,4,1,,,13,commercial_trip_bundle,Viagem agrupada,driver_vehicle,07:20,08:36,76,1,1,5497;5505,2,True,True,False,False,False,False,False,False,,,Segmento operacional agrupado com 2 viagens reais.
448,1,4,4,,1,4,14,driver_vehicle_change,Troca de veículo,driver,08:36,08:36,0,1,1,,0,False,False,False,False,False,False,False,False,,,Motorista troca de veículo entre blocos distintos da mesma jornada.
448,1,4,4,,1,4,15,driver_vehicle_change,Troca de veículo,driver,08:36,08:36,0,1,1,,0,False,False,False,False,False,False,False,False,,,Motorista troca de veículo entre blocos distintos da mesma jornada.
448,1,4,4,,1,4,16,normal_break,Intervalo normal,driver,08:36,08:47,11,1,1,,0,False,False,False,True,False,False,False,False,,,Motorista real não disponível; usando identificador da duty
448,4,4,4,4,,,17,commercial_trip_bundle,Viagem agrupada,driver_vehicle,08:47,09:08,21,1,1,5512;5514,2,True,True,False,False,False,False,False,False,,,Segmento operacional agrupado com 2 viagens reais.
448,4,4,4,,4,10,18,driver_vehicle_change,Troca de veículo,driver,09:08,09:08,0,1,1,,0,False,False,False,False,False,False,False,False,,,Motorista troca de veículo entre blocos distintos da mesma jornada.
448,4,4,4,,4,10,19,driver_vehicle_change,Troca de veículo,driver,09:08,09:08,0,1,1,,0,False,False,False,False,False,False,False,False,,,Motorista troca de veículo entre blocos distintos da mesma jornada.
448,4,4,4,,4,10,20,normal_break,Intervalo normal,driver,09:08,09:40,32,1,1,,0,False,False,False,True,False,False,False,False,,,Motorista real não disponível; usando identificador da duty
448,10,4,4,10,,,21,commercial_trip_bundle,Viagem agrupada,driver_vehicle,09:40,10:49,69,1,1,5534;5542,2,True,True,False,False,False,False,False,False,,,Segmento operacional agrupado com 2 viagens reais.
448,10,4,4,,10,1,22,driver_vehicle_change,Troca de veículo,driver,10:49,10:49,0,1,1,,0,False,False,False,False,False,False,False,False,,,Motorista troca de veículo entre blocos distintos da mesma jornada.
448,10,4,4,,10,1,23,driver_vehicle_change,Troca de veículo,driver,10:49,10:49,0,1,1,,0,False,False,False,False,False,False,False,False,,,Motorista troca de veículo entre blocos distintos da mesma jornada.
448,10,4,4,,10,1,24,mandatory_rest,Descanso obrigatório,driver,10:49,11:20,31,1,1,,0,False,False,False,False,True,False,False,True,,,Motorista real não disponível; usando identificador da duty
448,1,4,4,1,,,25,commercial_trip_bundle,Viagem agrupada,driver_vehicle,11:20,12:25,65,1,1,5559;5566,2,True,True,False,False,False,False,False,False,,,Segmento operacional agrupado com 2 viagens reais.
448,1,4,4,,1,1,26,normal_break,Intervalo normal,driver,12:25,12:47,22,1,1,,0,False,False,False,True,False,False,False,False,,,Motorista real não disponível; usando identificador da duty
448,1,4,4,1,,,27,commercial_trip_bundle,Viagem agrupada,driver_vehicle,12:47,13:08,21,1,1,5574;5576,2,True,True,False,False,False,False,False,False,,,Segmento operacional agrupado com 2 viagens reais.
448,,4,4,,,,28,duty_end,Fim de jornada,driver,13:08,13:08,0,1,1,,0,False,False,False,False,False,False,False,False,,,Motorista real não disponível; usando identificador da duty
448,,5,5,,,,1,duty_start,Início de jornada,driver,04:45,04:45,0,1,1,,0,False,False,False,False,False,False,False,False,,,Motorista real não disponível; usando identificador da duty
448,,5,5,,,,2,pullout,Soltura,driver,04:45,04:55,10,1,1,,0,False,False,False,False,False,True,False,False,,,Motorista real não disponível; usando identificador da duty
448,5,5,5,5,,,3,commercial_trip_bundle,Viagem agrupada,driver_vehicle,04:55,05:56,61,1,1,5438;5445,2,True,True,False,False,False,False,False,False,,,Segmento operacional agrupado com 2 viagens reais.
448,5,5,5,,5,5,4,normal_break,Intervalo normal,driver,05:56,06:10,14,1,1,,0,False,False,False,True,False,False,False,False,,,Motorista real não disponível; usando identificador da duty
448,5,5,5,5,,,5,commercial_trip_bundle,Viagem agrupada,driver_vehicle,06:10,06:37,27,1,1,5456;5460,2,True,True,False,False,False,False,False,False,,,Segmento operacional agrupado com 2 viagens reais.
448,5,5,5,,5,10,6,driver_vehicle_change,Troca de veículo,driver,06:37,06:37,0,1,1,,0,False,False,False,False,False,False,False,False,,,Motorista troca de veículo entre blocos distintos da mesma jornada.
448,5,5,5,,5,10,7,driver_vehicle_change,Troca de veículo,driver,06:37,06:37,0,1,1,,0,False,False,False,False,False,False,False,False,,,Motorista troca de veículo entre blocos distintos da mesma jornada.
448,5,5,5,,5,10,8,normal_break,Intervalo normal,driver,06:37,06:50,13,1,1,,0,False,False,False,True,False,False,False,False,,,Motorista real não disponível; usando identificador da duty
448,10,5,5,10,,,9,commercial_trip_bundle,Viagem agrupada,driver_vehicle,06:50,07:18,28,1,1,5473;5479,2,True,True,False,False,False,False,False,False,,,Segmento operacional agrupado com 2 viagens reais.
448,10,5,5,,10,6,10,driver_vehicle_change,Troca de veículo,driver,07:18,07:18,0,1,1,,0,False,False,False,False,False,False,False,False,,,Motorista troca de veículo entre blocos distintos da mesma jornada.
448,10,5,5,,10,6,11,driver_vehicle_change,Troca de veículo,driver,07:18,07:18,0,1,1,,0,False,False,False,False,False,False,False,False,,,Motorista troca de veículo entre blocos distintos da mesma jornada.
448,10,5,5,,10,6,12,normal_break,Intervalo normal,driver,07:18,07:39,21,1,1,,0,False,False,False,True,False,False,False,False,,,Motorista real não disponível; usando identificador da duty
448,6,5,5,6,,,13,commercial_trip_bundle,Viagem agrupada,driver_vehicle,07:39,08:00,21,1,1,5493;5495,2,True,True,False,False,False,False,False,False,,,Segmento operacional agrupado com 2 viagens reais.
448,6,5,5,,6,3,14,driver_vehicle_change,Troca de veículo,driver,08:00,08:00,0,1,1,,0,False,False,False,False,False,False,False,False,,,Motorista troca de veículo entre blocos distintos da mesma jornada.
448,6,5,5,,6,3,15,driver_vehicle_change,Troca de veículo,driver,08:00,08:00,0,1,1,,0,False,False,False,False,False,False,False,False,,,Motorista troca de veículo entre blocos distintos da mesma jornada.
448,6,5,5,,6,3,16,normal_break,Intervalo normal,driver,08:00,08:25,25,1,1,,0,False,False,False,True,False,False,False,False,,,Motorista real não disponível; usando identificador da duty
448,3,5,5,3,,,17,commercial_trip_bundle,Viagem agrupada,driver_vehicle,08:25,09:36,71,1,1,5515;5523,2,True,True,False,False,False,False,False,False,,,Segmento operacional agrupado com 2 viagens reais.
448,3,5,5,,3,4,18,driver_vehicle_change,Troca de veículo,driver,09:36,09:36,0,1,1,,0,False,False,False,False,False,False,False,False,,,Motorista troca de veículo entre blocos distintos da mesma jornada.
448,3,5,5,,3,4,19,driver_vehicle_change,Troca de veículo,driver,09:36,09:36,0,1,1,,0,False,False,False,False,False,False,False,False,,,Motorista troca de veículo entre blocos distintos da mesma jornada.
448,3,5,5,,3,4,20,normal_break,Intervalo normal,driver,09:36,09:55,19,1,1,,0,False,False,False,True,False,False,False,False,,,Motorista real não disponível; usando identificador da duty
448,4,5,5,4,,,21,commercial_trip_bundle,Viagem agrupada,driver_vehicle,09:55,10:23,28,1,1,5531;5535,2,True,True,False,False,False,False,False,False,,,Segmento operacional agrupado com 2 viagens reais.
448,,5,5,,,,22,duty_end,Fim de jornada,driver,10:23,10:23,0,1,1,,0,False,False,False,False,False,False,False,False,,,Motorista real não disponível; usando identificador da duty
448,,6,6,,,,1,duty_start,Início de jornada,driver,05:15,05:15,0,1,1,,0,False,False,False,False,False,False,False,False,,,Motorista real não disponível; usando identificador da duty
448,1,6,6,1,,,2,commercial_trip_bundle,Viagem agrupada,driver_vehicle,05:15,05:41,26,1,1,5437;5441,2,True,True,False,False,False,False,False,False,,,Segmento operacional agrupado com 2 viagens reais.
448,1,6,6,,1,1,3,normal_break,Intervalo normal,driver,05:41,06:00,19,1,1,,0,False,False,False,True,False,False,False,False,,,Motorista real não disponível; usando identificador da duty
448,1,6,6,1,,,4,commercial_trip_bundle,Viagem agrupada,driver_vehicle,06:00,07:09,69,1,1,5462;5474,2,True,True,False,False,False,False,False,False,,,Segmento operacional agrupado com 2 viagens reais.
448,1,6,6,,1,4,5,driver_vehicle_change,Troca de veículo,driver,07:09,07:09,0,1,1,,0,False,False,False,False,False,False,False,False,,,Motorista troca de veículo entre blocos distintos da mesma jornada.
448,1,6,6,,1,4,6,driver_vehicle_change,Troca de veículo,driver,07:09,07:09,0,1,1,,0,False,False,False,False,False,False,False,False,,,Motorista troca de veículo entre blocos distintos da mesma jornada.
448,1,6,6,,1,4,7,normal_break,Intervalo normal,driver,07:09,07:19,10,1,1,,0,False,False,False,True,False,False,False,False,,,Motorista real não disponível; usando identificador da duty
448,4,6,6,4,,,8,commercial_trip_bundle,Viagem agrupada,driver_vehicle,07:19,07:40,21,1,1,5485;5488,2,True,True,False,False,False,False,False,False,,,Segmento operacional agrupado com 2 viagens reais.
448,4,6,6,,4,4,9,normal_break,Intervalo normal,driver,07:40,07:55,15,1,1,,0,False,False,False,True,False,False,False,False,,,Motorista real não disponível; usando identificador da duty
448,4,6,6,4,,,10,commercial_trip_bundle,Viagem agrupada,driver_vehicle,07:55,08:24,29,1,1,5498;5502,2,True,True,False,False,False,False,False,False,,,Segmento operacional agrupado com 2 viagens reais.
448,4,6,6,,4,8,11,driver_vehicle_change,Troca de veículo,driver,08:24,08:24,0,1,1,,0,False,False,False,False,False,False,False,False,,,Motorista troca de veículo entre blocos distintos da mesma jornada.
448,4,6,6,,4,8,12,driver_vehicle_change,Troca de veículo,driver,08:24,08:24,0,1,1,,0,False,False,False,False,False,False,False,False,,,Motorista troca de veículo entre blocos distintos da mesma jornada.
448,4,6,6,,4,8,13,normal_break,Intervalo normal,driver,08:24,10:30,126,1,1,,0,False,False,False,True,False,False,False,False,,,Motorista real não disponível; usando identificador da duty
448,8,6,6,8,,,14,commercial_trip_bundle,Viagem agrupada,driver_vehicle,10:30,11:37,67,1,1,5546;5555,2,True,True,False,False,False,False,False,False,,,Segmento operacional agrupado com 2 viagens reais.
448,8,6,6,,8,6,15,driver_vehicle_change,Troca de veículo,driver,11:37,11:37,0,1,1,,0,False,False,False,False,False,False,False,False,,,Motorista troca de veículo entre blocos distintos da mesma jornada.
448,8,6,6,,8,6,16,driver_vehicle_change,Troca de veículo,driver,11:37,11:37,0,1,1,,0,False,False,False,False,False,False,False,False,,,Motorista troca de veículo entre blocos distintos da mesma jornada.
448,8,6,6,,8,6,17,normal_break,Intervalo normal,driver,11:37,11:59,22,1,1,,0,False,False,False,True,False,False,False,False,,,Motorista real não disponível; usando identificador da duty
448,6,6,6,6,,,18,commercial_trip_bundle,Viagem agrupada,driver_vehicle,11:59,12:20,21,1,1,5563;5564,2,True,True,False,False,False,False,False,False,,,Segmento operacional agrupado com 2 viagens reais.
448,6,6,6,,6,2,19,driver_vehicle_change,Troca de veículo,driver,12:20,12:20,0,1,1,,0,False,False,False,False,False,False,False,False,,,Motorista troca de veículo entre blocos distintos da mesma jornada.
448,6,6,6,,6,2,20,driver_vehicle_change,Troca de veículo,driver,12:20,12:20,0,1,1,,0,False,False,False,False,False,False,False,False,,,Motorista troca de veículo entre blocos distintos da mesma jornada.
448,6,6,6,,6,2,21,normal_break,Intervalo normal,driver,12:20,12:30,10,1,1,,0,False,False,False,True,False,False,False,False,,,Motorista real não disponível; usando identificador da duty
448,2,6,6,2,,,22,commercial_trip_bundle,Viagem agrupada,driver_vehicle,12:30,13:04,34,1,1,5573;5575,2,True,True,False,False,False,False,False,False,,,Segmento operacional agrupado com 2 viagens reais.
448,2,6,6,,2,2,23,normal_break,Intervalo normal,driver,13:04,13:20,16,1,1,,0,False,False,False,True,False,False,False,False,,,Motorista real não disponível; usando identificador da duty
448,2,6,6,2,,,24,commercial_trip_bundle,Viagem agrupada,driver_vehicle,13:20,13:49,29,1,1,5583;5587,2,True,True,False,False,False,False,False,False,,,Segmento operacional agrupado com 2 viagens reais.
448,,6,6,,,,25,duty_end,Fim de jornada,driver,13:49,13:49,0,1,1,,0,False,False,False,False,False,False,False,False,,,Motorista real não disponível; usando identificador da duty
448,,7,7,,,,1,duty_start,Início de jornada,driver,05:19,05:19,0,1,1,,0,False,False,False,False,False,False,False,False,,,Motorista real não disponível; usando identificador da duty
448,,7,7,,,,2,pullout,Soltura,driver,05:19,05:29,10,1,1,,0,False,False,False,False,False,True,False,False,,,Motorista real não disponível; usando identificador da duty
448,7,7,7,7,,,3,commercial_trip_bundle,Viagem agrupada,driver_vehicle,05:29,05:47,18,1,1,5440;5443,2,True,True,False,False,False,False,False,False,,,Segmento operacional agrupado com 2 viagens reais.
448,7,7,7,,7,7,4,normal_break,Intervalo normal,driver,05:47,06:00,13,1,1,,0,False,False,False,True,False,False,False,False,,,Motorista real não disponível; usando identificador da duty
448,7,7,7,7,,,5,commercial_trip_bundle,Viagem agrupada,driver_vehicle,06:00,06:27,27,1,1,5451;5457,2,True,True,False,False,False,False,False,False,,,Segmento operacional agrupado com 2 viagens reais.
448,7,7,7,,7,4,6,driver_vehicle_change,Troca de veículo,driver,06:27,06:27,0,1,1,,0,False,False,False,False,False,False,False,False,,,Motorista troca de veículo entre blocos distintos da mesma jornada.
448,7,7,7,,7,4,7,driver_vehicle_change,Troca de veículo,driver,06:27,06:27,0,1,1,,0,False,False,False,False,False,False,False,False,,,Motorista troca de veículo entre blocos distintos da mesma jornada.
448,7,7,7,,7,4,8,normal_break,Intervalo normal,driver,06:27,06:42,15,1,1,,0,False,False,False,True,False,False,False,False,,,Motorista real não disponível; usando identificador da duty
448,4,7,7,4,,,9,commercial_trip_bundle,Viagem agrupada,driver_vehicle,06:42,07:09,27,1,1,5470;5475,2,True,True,False,False,False,False,False,False,,,Segmento operacional agrupado com 2 viagens reais.
448,,7,7,,,,10,duty_end,Fim de jornada,driver,07:09,07:09,0,1,1,,0,False,False,False,False,False,False,False,False,,,Motorista real não disponível; usando identificador da duty
448,,8,8,,,,1,duty_start,Início de jornada,driver,05:20,05:20,0,1,1,,0,False,False,False,False,False,False,False,False,,,Motorista real não disponível; usando identificador da duty
448,,8,8,,,,2,pullout,Soltura,driver,05:20,05:30,10,1,1,,0,False,False,False,False,False,True,False,False,,,Motorista real não disponível; usando identificador da duty
448,8,8,8,8,,,3,commercial_trip_bundle,Viagem agrupada,driver_vehicle,05:30,05:56,26,1,1,5442;5446,2,True,True,False,False,False,False,False,False,,,Segmento operacional agrupado com 2 viagens reais.
448,8,8,8,,8,8,4,normal_break,Intervalo normal,driver,05:56,06:15,19,1,1,,0,False,False,False,True,False,False,False,False,,,Motorista real não disponível; usando identificador da duty
448,8,8,8,8,,,5,commercial_trip_bundle,Viagem agrupada,driver_vehicle,06:15,07:24,69,1,1,5469;5481,2,True,True,False,False,False,False,False,False,,,Segmento operacional agrupado com 2 viagens reais.
448,8,8,8,,8,10,6,driver_vehicle_change,Troca de veículo,driver,07:24,07:24,0,1,1,,0,False,False,False,False,False,False,False,False,,,Motorista troca de veículo entre blocos distintos da mesma jornada.
448,8,8,8,,8,10,7,driver_vehicle_change,Troca de veículo,driver,07:24,07:24,0,1,1,,0,False,False,False,False,False,False,False,False,,,Motorista troca de veículo entre blocos distintos da mesma jornada.
448,8,8,8,,8,10,8,normal_break,Intervalo normal,driver,07:24,07:35,11,1,1,,0,False,False,False,True,False,False,False,False,,,Motorista real não disponível; usando identificador da duty
448,10,8,8,10,,,9,commercial_trip_bundle,Viagem agrupada,driver_vehicle,07:35,08:04,29,1,1,5492;5496,2,True,True,False,False,False,False,False,False,,,Segmento operacional agrupado com 2 viagens reais.
448,10,8,8,,10,10,10,normal_break,Intervalo normal,driver,08:04,08:23,19,1,1,,0,False,False,False,True,False,False,False,False,,,Motorista real não disponível; usando identificador da duty
448,10,8,8,10,,,11,commercial_trip_bundle,Viagem agrupada,driver_vehicle,08:23,08:44,21,1,1,5506;5508,2,True,True,False,False,False,False,False,False,,,Segmento operacional agrupado com 2 viagens reais.
448,10,8,8,,10,9,12,driver_vehicle_change,Troca de veículo,driver,08:44,08:44,0,1,1,,0,False,False,False,False,False,False,False,False,,,Motorista troca de veículo entre blocos distintos da mesma jornada.
448,10,8,8,,10,9,13,driver_vehicle_change,Troca de veículo,driver,08:44,08:44,0,1,1,,0,False,False,False,False,False,False,False,False,,,Motorista troca de veículo entre blocos distintos da mesma jornada.
448,10,8,8,,10,9,14,normal_break,Intervalo normal,driver,08:44,09:15,31,1,1,,0,False,False,False,True,False,False,False,False,,,Motorista real não disponível; usando identificador da duty
448,9,8,8,9,,,15,commercial_trip_bundle,Viagem agrupada,driver_vehicle,09:15,09:43,28,1,1,5520;5524,2,True,True,False,False,False,False,False,False,,,Segmento operacional agrupado com 2 viagens reais.
448,9,8,8,,9,7,16,driver_vehicle_change,Troca de veículo,driver,09:43,09:43,0,1,1,,0,False,False,False,False,False,False,False,False,,,Motorista troca de veículo entre blocos distintos da mesma jornada.
448,9,8,8,,9,7,17,driver_vehicle_change,Troca de veículo,driver,09:43,09:43,0,1,1,,0,False,False,False,False,False,False,False,False,,,Motorista troca de veículo entre blocos distintos da mesma jornada.
448,9,8,8,,9,7,18,normal_break,Intervalo normal,driver,09:43,09:59,16,1,1,,0,False,False,False,True,False,False,False,False,,,Motorista real não disponível; usando identificador da duty
448,7,8,8,7,,,19,commercial_trip_bundle,Viagem agrupada,driver_vehicle,09:59,10:19,20,1,1,5532;5533,2,True,True,False,False,False,False,False,False,,,Segmento operacional agrupado com 2 viagens reais.
448,7,8,8,,7,5,20,driver_vehicle_change,Troca de veículo,driver,10:19,10:19,0,1,1,,0,False,False,False,False,False,False,False,False,,,Motorista troca de veículo entre blocos distintos da mesma jornada.
448,7,8,8,,7,5,21,driver_vehicle_change,Troca de veículo,driver,10:19,10:19,0,1,1,,0,False,False,False,False,False,False,False,False,,,Motorista troca de veículo entre blocos distintos da mesma jornada.
448,7,8,8,,7,5,22,normal_break,Intervalo normal,driver,10:19,10:55,36,1,1,,0,False,False,False,True,False,False,False,False,,,Motorista real não disponível; usando identificador da duty
448,5,8,8,5,,,23,commercial_trip_bundle,Viagem agrupada,driver_vehicle,10:55,12:00,65,1,1,5553;5561,2,True,True,False,False,False,False,False,False,,,Segmento operacional agrupado com 2 viagens reais.
448,5,8,8,,5,4,24,driver_vehicle_change,Troca de veículo,driver,12:00,12:00,0,1,1,,0,False,False,False,False,False,False,False,False,,,Motorista troca de veículo entre blocos distintos da mesma jornada.
448,5,8,8,,5,4,25,driver_vehicle_change,Troca de veículo,driver,12:00,12:00,0,1,1,,0,False,False,False,False,False,False,False,False,,,Motorista troca de veículo entre blocos distintos da mesma jornada.
448,5,8,8,,5,4,26,mandatory_rest,Descanso obrigatório,driver,12:00,12:35,35,1,1,,0,False,False,False,False,True,False,False,True,,,Motorista real não disponível; usando identificador da duty
448,4,8,8,4,,,27,commercial_trip_bundle,Viagem agrupada,driver_vehicle,12:35,13:42,67,1,1,5577;5585,2,True,True,False,False,False,False,False,False,,,Segmento operacional agrupado com 2 viagens reais.
448,4,8,8,,4,2,28,driver_vehicle_change,Troca de veículo,driver,13:42,13:42,0,1,1,,0,False,False,False,False,False,False,False,False,,,Motorista troca de veículo entre blocos distintos da mesma jornada.
448,4,8,8,,4,2,29,driver_vehicle_change,Troca de veículo,driver,13:42,13:42,0,1,1,,0,False,False,False,False,False,False,False,False,,,Motorista troca de veículo entre blocos distintos da mesma jornada.
448,4,8,8,,4,2,30,normal_break,Intervalo normal,driver,13:42,13:59,17,1,1,,0,False,False,False,True,False,False,False,False,,,Motorista real não disponível; usando identificador da duty
448,2,8,8,2,,,31,commercial_trip_bundle,Viagem agrupada,driver_vehicle,13:59,14:21,22,1,1,5592;5594,2,True,True,False,False,False,False,False,False,,,Segmento operacional agrupado com 2 viagens reais.
448,,8,8,,,,32,duty_end,Fim de jornada,driver,14:21,14:21,0,1,1,,0,False,False,False,False,False,False,False,False,,,Motorista real não disponível; usando identificador da duty
448,,9,9,,,,1,duty_start,Início de jornada,driver,05:54,05:54,0,1,1,,0,False,False,False,False,False,False,False,False,,,Motorista real não disponível; usando identificador da duty
448,,9,9,,,,2,pullout,Soltura,driver,05:54,06:04,10,1,1,,0,False,False,False,False,False,True,False,False,,,Motorista real não disponível; usando identificador da duty
448,9,9,9,9,,,3,commercial_trip_bundle,Viagem agrupada,driver_vehicle,06:04,06:22,18,1,1,5452;5455,2,True,True,False,False,False,False,False,False,,,Segmento operacional agrupado com 2 viagens reais.
448,9,9,9,,9,7,4,driver_vehicle_change,Troca de veículo,driver,06:22,06:22,0,1,1,,0,False,False,False,False,False,False,False,False,,,Motorista troca de veículo entre blocos distintos da mesma jornada.
448,9,9,9,,9,7,5,driver_vehicle_change,Troca de veículo,driver,06:22,06:22,0,1,1,,0,False,False,False,False,False,False,False,False,,,Motorista troca de veículo entre blocos distintos da mesma jornada.
448,9,9,9,,9,7,6,normal_break,Intervalo normal,driver,06:22,06:39,17,1,1,,0,False,False,False,True,False,False,False,False,,,Motorista real não disponível; usando identificador da duty
448,7,9,9,7,,,7,commercial_trip_bundle,Viagem agrupada,driver_vehicle,06:39,06:57,18,1,1,5467;5471,2,True,True,False,False,False,False,False,False,,,Segmento operacional agrupado com 2 viagens reais.
448,7,9,9,,7,9,8,driver_vehicle_change,Troca de veículo,driver,06:57,06:57,0,1,1,,0,False,False,False,False,False,False,False,False,,,Motorista troca de veículo entre blocos distintos da mesma jornada.
448,7,9,9,,7,9,9,driver_vehicle_change,Troca de veículo,driver,06:57,06:57,0,1,1,,0,False,False,False,False,False,False,False,False,,,Motorista troca de veículo entre blocos distintos da mesma jornada.
448,7,9,9,,7,9,10,normal_break,Intervalo normal,driver,06:57,07:20,23,1,1,,0,False,False,False,True,False,False,False,False,,,Motorista real não disponível; usando identificador da duty
448,9,9,9,9,,,11,commercial_trip_bundle,Viagem agrupada,driver_vehicle,07:20,07:49,29,1,1,5486;5491,2,True,True,False,False,False,False,False,False,,,Segmento operacional agrupado com 2 viagens reais.
448,9,9,9,,9,10,12,driver_vehicle_change,Troca de veículo,driver,07:49,07:49,0,1,1,,0,False,False,False,False,False,False,False,False,,,Motorista troca de veículo entre blocos distintos da mesma jornada.
448,9,9,9,,9,10,13,driver_vehicle_change,Troca de veículo,driver,07:49,07:49,0,1,1,,0,False,False,False,False,False,False,False,False,,,Motorista troca de veículo entre blocos distintos da mesma jornada.
448,9,9,9,,9,10,14,normal_break,Intervalo normal,driver,07:49,13:00,311,1,1,,0,False,False,False,True,False,False,False,False,,,Motorista real não disponível; usando identificador da duty
448,10,9,9,10,,,15,commercial_trip_bundle,Viagem agrupada,driver_vehicle,13:00,14:09,69,1,1,5584;5591,2,True,True,False,False,False,False,False,False,,,Segmento operacional agrupado com 2 viagens reais.
448,10,9,9,,10,1,16,driver_vehicle_change,Troca de veículo,driver,14:09,14:09,0,1,1,,0,False,False,False,False,False,False,False,False,,,Motorista troca de veículo entre blocos distintos da mesma jornada.
448,10,9,9,,10,1,17,driver_vehicle_change,Troca de veículo,driver,14:09,14:09,0,1,1,,0,False,False,False,False,False,False,False,False,,,Motorista troca de veículo entre blocos distintos da mesma jornada.
448,10,9,9,,10,1,18,normal_break,Intervalo normal,driver,14:09,14:23,14,1,1,,0,False,False,False,True,False,False,False,False,,,Motorista real não disponível; usando identificador da duty
448,1,9,9,1,,,19,commercial_trip_bundle,Viagem agrupada,driver_vehicle,14:23,14:44,21,1,1,5598;5600,2,True,True,False,False,False,False,False,False,,,Segmento operacional agrupado com 2 viagens reais.
448,,9,9,,,,20,duty_end,Fim de jornada,driver,14:44,14:44,0,1,1,,0,False,False,False,False,False,False,False,False,,,Motorista real não disponível; usando identificador da duty
448,,10,10,,,,1,duty_start,Início de jornada,driver,06:09,06:09,0,1,1,,0,False,False,False,False,False,False,False,False,,,Motorista real não disponível; usando identificador da duty
448,,10,10,,,,2,pullout,Soltura,driver,06:09,06:19,10,1,1,,0,False,False,False,False,False,True,False,False,,,Motorista real não disponível; usando identificador da duty
448,10,10,10,10,,,3,commercial_trip_bundle,Viagem agrupada,driver_vehicle,06:19,06:37,18,1,1,5458;5461,2,True,True,False,False,False,False,False,False,,,Segmento operacional agrupado com 2 viagens reais.
448,10,10,10,,10,5,4,driver_vehicle_change,Troca de veículo,driver,06:37,06:37,0,1,1,,0,False,False,False,False,False,False,False,False,,,Motorista troca de veículo entre blocos distintos da mesma jornada.
448,10,10,10,,10,5,5,driver_vehicle_change,Troca de veículo,driver,06:37,06:37,0,1,1,,0,False,False,False,False,False,False,False,False,,,Motorista troca de veículo entre blocos distintos da mesma jornada.
448,10,10,10,,10,5,6,normal_break,Intervalo normal,driver,06:37,07:00,23,1,1,,0,False,False,False,True,False,False,False,False,,,Motorista real não disponível; usando identificador da duty
448,5,10,10,5,,,7,commercial_trip_bundle,Viagem agrupada,driver_vehicle,07:00,08:16,76,1,1,5489;5500,2,True,True,False,False,False,False,False,False,,,Segmento operacional agrupado com 2 viagens reais.
448,5,10,10,,5,9,8,driver_vehicle_change,Troca de veículo,driver,08:16,08:16,0,1,1,,0,False,False,False,False,False,False,False,False,,,Motorista troca de veículo entre blocos distintos da mesma jornada.
448,5,10,10,,5,9,9,driver_vehicle_change,Troca de veículo,driver,08:16,08:16,0,1,1,,0,False,False,False,False,False,False,False,False,,,Motorista troca de veículo entre blocos distintos da mesma jornada.
448,5,10,10,,5,9,10,normal_break,Intervalo normal,driver,08:16,08:35,19,1,1,,0,False,False,False,True,False,False,False,False,,,Motorista real não disponível; usando identificador da duty
448,9,10,10,9,,,11,commercial_trip_bundle,Viagem agrupada,driver_vehicle,08:35,09:05,30,1,1,5510;5513,2,True,True,False,False,False,False,False,False,,,Segmento operacional agrupado com 2 viagens reais.
448,9,10,10,,9,1,12,driver_vehicle_change,Troca de veículo,driver,09:05,09:05,0,1,1,,0,False,False,False,False,False,False,False,False,,,Motorista troca de veículo entre blocos distintos da mesma jornada.
448,9,10,10,,9,1,13,driver_vehicle_change,Troca de veículo,driver,09:05,09:05,0,1,1,,0,False,False,False,False,False,False,False,False,,,Motorista troca de veículo entre blocos distintos da mesma jornada.
448,9,10,10,,9,1,14,normal_break,Intervalo normal,driver,09:05,09:15,10,1,1,,0,False,False,False,True,False,False,False,False,,,Motorista real não disponível; usando identificador da duty
448,1,10,10,1,,,15,commercial_trip_bundle,Viagem agrupada,driver_vehicle,09:15,10:24,69,1,1,5528;5536,2,True,True,False,False,False,False,False,False,,,Segmento operacional agrupado com 2 viagens reais.
448,1,10,10,,1,4,16,driver_vehicle_change,Troca de veículo,driver,10:24,10:24,0,1,1,,0,False,False,False,False,False,False,False,False,,,Motorista troca de veículo entre blocos distintos da mesma jornada.
448,1,10,10,,1,4,17,driver_vehicle_change,Troca de veículo,driver,10:24,10:24,0,1,1,,0,False,False,False,False,False,False,False,False,,,Motorista troca de veículo entre blocos distintos da mesma jornada.
448,1,10,10,,1,4,18,normal_break,Intervalo normal,driver,10:24,10:35,11,1,1,,0,False,False,False,True,False,False,False,False,,,Motorista real não disponível; usando identificador da duty
448,4,10,10,4,,,19,commercial_trip_bundle,Viagem agrupada,driver_vehicle,10:35,11:04,29,1,1,5543;5545,2,True,True,False,False,False,False,False,False,,,Segmento operacional agrupado com 2 viagens reais.
448,4,10,10,,4,2,20,driver_vehicle_change,Troca de veículo,driver,11:04,11:04,0,1,1,,0,False,False,False,False,False,False,False,False,,,Motorista troca de veículo entre blocos distintos da mesma jornada.
448,4,10,10,,4,2,21,driver_vehicle_change,Troca de veículo,driver,11:04,11:04,0,1,1,,0,False,False,False,False,False,False,False,False,,,Motorista troca de veículo entre blocos distintos da mesma jornada.
448,4,10,10,,4,2,22,normal_break,Intervalo normal,driver,11:04,11:35,31,1,1,,0,False,False,False,True,False,False,False,False,,,Motorista real não disponível; usando identificador da duty
448,2,10,10,2,,,23,commercial_trip_bundle,Viagem agrupada,driver_vehicle,11:35,11:57,22,1,1,5557;5558,2,True,True,False,False,False,False,False,False,,,Segmento operacional agrupado com 2 viagens reais.
448,2,10,10,,2,5,24,driver_vehicle_change,Troca de veículo,driver,11:57,11:57,0,1,1,,0,False,False,False,False,False,False,False,False,,,Motorista troca de veículo entre blocos distintos da mesma jornada.
448,2,10,10,,2,5,25,driver_vehicle_change,Troca de veículo,driver,11:57,11:57,0,1,1,,0,False,False,False,False,False,False,False,False,,,Motorista troca de veículo entre blocos distintos da mesma jornada.
448,2,10,10,,2,5,26,normal_break,Intervalo normal,driver,11:57,12:10,13,1,1,,0,False,False,False,True,False,False,False,False,,,Motorista real não disponível; usando identificador da duty
448,5,10,10,5,,,27,commercial_trip_bundle,Viagem agrupada,driver_vehicle,12:10,13:16,66,1,1,5571;5579,2,True,True,False,False,False,False,False,False,,,Segmento operacional agrupado com 2 viagens reais.
448,5,10,10,,5,5,28,mandatory_rest,Descanso obrigatório,driver,13:16,14:10,54,1,1,,0,False,False,False,False,True,False,False,True,,,Motorista real não disponível; usando identificador da duty
448,5,10,10,5,,,29,commercial_trip_bundle,Viagem agrupada,driver_vehicle,14:10,14:37,27,1,1,5595;5599,2,True,True,False,False,False,False,False,False,,,Segmento operacional agrupado com 2 viagens reais.
448,5,10,10,,5,5,30,normal_break,Intervalo normal,driver,14:37,14:47,10,1,1,,0,False,False,False,True,False,False,False,False,,,Motorista real não disponível; usando identificador da duty
448,5,10,10,5,,,31,commercial_trip_bundle,Viagem agrupada,driver_vehicle,14:47,15:08,21,1,1,5604;5606,2,True,True,False,False,False,False,False,False,,,Segmento operacional agrupado com 2 viagens reais.
448,,10,10,,,,32,duty_end,Fim de jornada,driver,15:08,15:08,0,1,1,,0,False,False,False,False,False,False,False,False,,,Motorista real não disponível; usando identificador da duty
448,,11,11,,,,1,duty_start,Início de jornada,driver,06:20,06:20,0,1,1,,0,False,False,False,False,False,False,False,False,,,Motorista real não disponível; usando identificador da duty
448,,11,11,,,,2,pullout,Soltura,driver,06:20,06:30,10,1,1,,0,False,False,False,False,False,True,False,False,,,Motorista real não disponível; usando identificador da duty
448,11,11,11,11,,,3,commercial_trip_bundle,Viagem agrupada,driver_vehicle,06:30,07:49,79,1,1,5477;5490,2,True,True,False,False,False,False,False,False,,,Segmento operacional agrupado com 2 viagens reais.
448,11,11,11,,11,9,4,driver_vehicle_change,Troca de veículo,driver,07:49,07:49,0,1,1,,0,False,False,False,False,False,False,False,False,,,Motorista troca de veículo entre blocos distintos da mesma jornada.
448,11,11,11,,11,9,5,driver_vehicle_change,Troca de veículo,driver,07:49,07:49,0,1,1,,0,False,False,False,False,False,False,False,False,,,Motorista troca de veículo entre blocos distintos da mesma jornada.
448,11,11,11,,11,9,6,normal_break,Intervalo normal,driver,07:49,07:59,10,1,1,,0,False,False,False,True,False,False,False,False,,,Motorista real não disponível; usando identificador da duty
448,9,11,11,9,,,7,commercial_trip_bundle,Viagem agrupada,driver_vehicle,07:59,08:19,20,1,1,5499;5501,2,True,True,False,False,False,False,False,False,,,Segmento operacional agrupado com 2 viagens reais.
448,9,11,11,,9,5,8,driver_vehicle_change,Troca de veículo,driver,08:19,08:19,0,1,1,,0,False,False,False,False,False,False,False,False,,,Motorista troca de veículo entre blocos distintos da mesma jornada.
448,9,11,11,,9,5,9,driver_vehicle_change,Troca de veículo,driver,08:19,08:19,0,1,1,,0,False,False,False,False,False,False,False,False,,,Motorista troca de veículo entre blocos distintos da mesma jornada.
448,9,11,11,,9,5,10,normal_break,Intervalo normal,driver,08:19,08:50,31,1,1,,0,False,False,False,True,False,False,False,False,,,Motorista real não disponível; usando identificador da duty
448,5,11,11,5,,,11,commercial_trip_bundle,Viagem agrupada,driver_vehicle,08:50,10:00,70,1,1,5522;5529,2,True,True,False,False,False,False,False,False,,,Segmento operacional agrupado com 2 viagens reais.
448,5,11,11,,5,3,12,driver_vehicle_change,Troca de veículo,driver,10:00,10:00,0,1,1,,0,False,False,False,False,False,False,False,False,,,Motorista troca de veículo entre blocos distintos da mesma jornada.
448,5,11,11,,5,3,13,driver_vehicle_change,Troca de veículo,driver,10:00,10:00,0,1,1,,0,False,False,False,False,False,False,False,False,,,Motorista troca de veículo entre blocos distintos da mesma jornada.
448,5,11,11,,5,3,14,normal_break,Intervalo normal,driver,10:00,10:15,15,1,1,,0,False,False,False,True,False,False,False,False,,,Motorista real não disponível; usando identificador da duty
448,3,11,11,3,,,15,commercial_trip_bundle,Viagem agrupada,driver_vehicle,10:15,10:44,29,1,1,5537;5539,2,True,True,False,False,False,False,False,False,,,Segmento operacional agrupado com 2 viagens reais.
448,3,11,11,,3,2,16,driver_vehicle_change,Troca de veículo,driver,10:44,10:44,0,1,1,,0,False,False,False,False,False,False,False,False,,,Motorista troca de veículo entre blocos distintos da mesma jornada.
448,3,11,11,,3,2,17,driver_vehicle_change,Troca de veículo,driver,10:44,10:44,0,1,1,,0,False,False,False,False,False,False,False,False,,,Motorista troca de veículo entre blocos distintos da mesma jornada.
448,3,11,11,,3,2,18,normal_break,Intervalo normal,driver,10:44,10:55,11,1,1,,0,False,False,False,True,False,False,False,False,,,Motorista real não disponível; usando identificador da duty
448,2,11,11,2,,,19,commercial_trip_bundle,Viagem agrupada,driver_vehicle,10:55,11:24,29,1,1,5548;5551,2,True,True,False,False,False,False,False,False,,,Segmento operacional agrupado com 2 viagens reais.
448,2,11,11,,2,12,20,driver_vehicle_change,Troca de veículo,driver,11:24,11:24,0,1,1,,0,False,False,False,False,False,False,False,False,,,Motorista troca de veículo entre blocos distintos da mesma jornada.
448,2,11,11,,2,12,21,driver_vehicle_change,Troca de veículo,driver,11:24,11:24,0,1,1,,0,False,False,False,False,False,False,False,False,,,Motorista troca de veículo entre blocos distintos da mesma jornada.
448,2,11,11,,2,12,22,normal_break,Intervalo normal,driver,11:24,11:40,16,1,1,,0,False,False,False,True,False,False,False,False,,,Motorista real não disponível; usando identificador da duty
448,12,11,11,12,,,23,commercial_trip_bundle,Viagem agrupada,driver_vehicle,11:40,12:11,31,1,1,5560;5562,2,True,True,False,False,False,False,False,False,,,Segmento operacional agrupado com 2 viagens reais.
448,12,11,11,,12,12,24,normal_break,Intervalo normal,driver,12:11,12:23,12,1,1,,0,False,False,False,True,False,False,False,False,,,Motorista real não disponível; usando identificador da duty
448,12,11,11,12,,,25,commercial_trip_bundle,Viagem agrupada,driver_vehicle,12:23,12:45,22,1,1,5568;5570,2,True,True,False,False,False,False,False,False,,,Segmento operacional agrupado com 2 viagens reais.
448,12,11,11,,12,12,26,mandatory_rest,Descanso obrigatório,driver,12:45,13:50,65,1,1,,0,False,False,False,False,True,False,False,True,,,Motorista real não disponível; usando identificador da duty
448,12,11,11,12,,,27,commercial_trip_bundle,Viagem agrupada,driver_vehicle,13:50,14:59,69,1,1,5596;5603,2,True,True,False,False,False,False,False,False,,,Segmento operacional agrupado com 2 viagens reais.
448,,11,11,,,,28,duty_end,Fim de jornada,driver,14:59,14:59,0,1,1,,0,False,False,False,False,False,False,False,False,,,Motorista real não disponível; usando identificador da duty
448,,12,12,,,,1,duty_start,Início de jornada,driver,06:35,06:35,0,1,1,,0,False,False,False,False,False,False,False,False,,,Motorista real não disponível; usando identificador da duty
448,,12,12,,,,2,pullout,Soltura,driver,06:35,06:45,10,1,1,,0,False,False,False,False,False,True,False,False,,,Motorista real não disponível; usando identificador da duty
448,12,12,12,12,,,3,commercial_trip_bundle,Viagem agrupada,driver_vehicle,06:45,08:00,75,1,1,5484;5494,2,True,True,False,False,False,False,False,False,,,Segmento operacional agrupado com 2 viagens reais.
448,12,12,12,,12,6,4,driver_vehicle_change,Troca de veículo,driver,08:00,08:00,0,1,1,,0,False,False,False,False,False,False,False,False,,,Motorista troca de veículo entre blocos distintos da mesma jornada.
448,12,12,12,,12,6,5,driver_vehicle_change,Troca de veículo,driver,08:00,08:00,0,1,1,,0,False,False,False,False,False,False,False,False,,,Motorista troca de veículo entre blocos distintos da mesma jornada.
448,12,12,12,,12,6,6,normal_break,Intervalo normal,driver,08:00,08:15,15,1,1,,0,False,False,False,True,False,False,False,False,,,Motorista real não disponível; usando identificador da duty
448,6,12,12,6,,,7,commercial_trip_bundle,Viagem agrupada,driver_vehicle,08:15,08:45,30,1,1,5504;5509,2,True,True,False,False,False,False,False,False,,,Segmento operacional agrupado com 2 viagens reais.
448,6,12,12,,6,6,8,normal_break,Intervalo normal,driver,08:45,08:55,10,1,1,,0,False,False,False,True,False,False,False,False,,,Motorista real não disponível; usando identificador da duty
448,6,12,12,6,,,9,commercial_trip_bundle,Viagem agrupada,driver_vehicle,08:55,09:24,29,1,1,5517;5519,2,True,True,False,False,False,False,False,False,,,Segmento operacional agrupado com 2 viagens reais.
448,6,12,12,,6,2,10,driver_vehicle_change,Troca de veículo,driver,09:24,09:24,0,1,1,,0,False,False,False,False,False,False,False,False,,,Motorista troca de veículo entre blocos distintos da mesma jornada.
448,6,12,12,,6,2,11,driver_vehicle_change,Troca de veículo,driver,09:24,09:24,0,1,1,,0,False,False,False,False,False,False,False,False,,,Motorista troca de veículo entre blocos distintos da mesma jornada.
448,6,12,12,,6,2,12,normal_break,Intervalo normal,driver,09:24,09:35,11,1,1,,0,False,False,False,True,False,False,False,False,,,Motorista real não disponível; usando identificador da duty
448,2,12,12,2,,,13,commercial_trip_bundle,Viagem agrupada,driver_vehicle,09:35,10:03,28,1,1,5526;5530,2,True,True,False,False,False,False,False,False,,,Segmento operacional agrupado com 2 viagens reais.
448,2,12,12,,2,2,14,normal_break,Intervalo normal,driver,10:03,10:23,20,1,1,,0,False,False,False,True,False,False,False,False,,,Motorista real não disponível; usando identificador da duty
448,2,12,12,2,,,15,commercial_trip_bundle,Viagem agrupada,driver_vehicle,10:23,10:45,22,1,1,5538;5540,2,True,True,False,False,False,False,False,False,,,Segmento operacional agrupado com 2 viagens reais.
448,2,12,12,,2,6,16,driver_vehicle_change,Troca de veículo,driver,10:45,10:45,0,1,1,,0,False,False,False,False,False,False,False,False,,,Motorista troca de veículo entre blocos distintos da mesma jornada.
448,2,12,12,,2,6,17,driver_vehicle_change,Troca de veículo,driver,10:45,10:45,0,1,1,,0,False,False,False,False,False,False,False,False,,,Motorista troca de veículo entre blocos distintos da mesma jornada.
448,2,12,12,,2,6,18,normal_break,Intervalo normal,driver,10:45,11:15,30,1,1,,0,False,False,False,True,False,False,False,False,,,Motorista real não disponível; usando identificador da duty
448,6,12,12,6,,,19,commercial_trip_bundle,Viagem agrupada,driver_vehicle,11:15,11:46,31,1,1,5554;5556,2,True,True,False,False,False,False,False,False,,,Segmento operacional agrupado com 2 viagens reais.
448,6,12,12,,6,10,20,driver_vehicle_change,Troca de veículo,driver,11:46,11:46,0,1,1,,0,False,False,False,False,False,False,False,False,,,Motorista troca de veículo entre blocos distintos da mesma jornada.
448,6,12,12,,6,10,21,driver_vehicle_change,Troca de veículo,driver,11:46,11:46,0,1,1,,0,False,False,False,False,False,False,False,False,,,Motorista troca de veículo entre blocos distintos da mesma jornada.
448,6,12,12,,6,10,22,normal_break,Intervalo normal,driver,11:46,12:05,19,1,1,,0,False,False,False,True,False,False,False,False,,,Motorista real não disponível; usando identificador da duty
448,10,12,12,10,,,23,commercial_trip_bundle,Viagem agrupada,driver_vehicle,12:05,12:39,34,1,1,5567;5569,2,True,True,False,False,False,False,False,False,,,Segmento operacional agrupado com 2 viagens reais.
448,10,12,12,,10,3,24,driver_vehicle_change,Troca de veículo,driver,12:39,12:39,0,1,1,,0,False,False,False,False,False,False,False,False,,,Motorista troca de veículo entre blocos distintos da mesma jornada.
448,10,12,12,,10,3,25,driver_vehicle_change,Troca de veículo,driver,12:39,12:39,0,1,1,,0,False,False,False,False,False,False,False,False,,,Motorista troca de veículo entre blocos distintos da mesma jornada.
448,10,12,12,,10,3,26,mandatory_rest,Descanso obrigatório,driver,12:39,13:45,66,1,1,,0,False,False,False,False,True,False,False,True,,,Motorista real não disponível; usando identificador da duty
448,3,12,12,3,,,27,commercial_trip_bundle,Viagem agrupada,driver_vehicle,13:45,14:14,29,1,1,5589;5593,2,True,True,False,False,False,False,False,False,,,Segmento operacional agrupado com 2 viagens reais.
448,3,12,12,,3,2,28,driver_vehicle_change,Troca de veículo,driver,14:14,14:14,0,1,1,,0,False,False,False,False,False,False,False,False,,,Motorista troca de veículo entre blocos distintos da mesma jornada.
448,3,12,12,,3,2,29,driver_vehicle_change,Troca de veículo,driver,14:14,14:14,0,1,1,,0,False,False,False,False,False,False,False,False,,,Motorista troca de veículo entre blocos distintos da mesma jornada.
448,3,12,12,,3,2,30,normal_break,Intervalo normal,driver,14:14,14:35,21,1,1,,0,False,False,False,True,False,False,False,False,,,Motorista real não disponível; usando identificador da duty
448,2,12,12,2,,,31,commercial_trip_bundle,Viagem agrupada,driver_vehicle,14:35,15:02,27,1,1,5601;5605,2,True,True,False,False,False,False,False,False,,,Segmento operacional agrupado com 2 viagens reais.
448,2,12,12,,2,3,32,driver_vehicle_change,Troca de veículo,driver,15:02,15:02,0,1,1,,0,False,False,False,False,False,False,False,False,,,Motorista troca de veículo entre blocos distintos da mesma jornada.
448,2,12,12,,2,3,33,driver_vehicle_change,Troca de veículo,driver,15:02,15:02,0,1,1,,0,False,False,False,False,False,False,False,False,,,Motorista troca de veículo entre blocos distintos da mesma jornada.
448,2,12,12,,2,3,34,normal_break,Intervalo normal,driver,15:02,15:25,23,1,1,,0,False,False,False,True,False,False,False,False,,,Motorista real não disponível; usando identificador da duty
448,3,12,12,3,,,35,commercial_trip_bundle,Viagem agrupada,driver_vehicle,15:25,15:52,27,1,1,5613;5618,2,True,True,False,False,False,False,False,False,,,Segmento operacional agrupado com 2 viagens reais.
448,,12,12,,,,36,duty_end,Fim de jornada,driver,15:52,15:52,0,1,1,,0,False,False,False,False,False,False,False,False,,,Motorista real não disponível; usando identificador da duty
448,,13,13,,,,1,duty_start,Início de jornada,driver,13:15,13:15,0,2,2,,0,False,False,False,False,False,False,False,False,,,Motorista real não disponível; usando identificador da duty
448,,13,13,,,,2,pullout,Soltura,driver,13:15,13:25,10,2,2,,0,False,False,False,False,False,True,False,False,,,Motorista real não disponível; usando identificador da duty
448,13,13,13,13,,,3,commercial_trip_bundle,Viagem agrupada,driver_vehicle,13:25,14:34,69,2,2,5590;5597,2,True,True,False,False,False,False,False,False,,,Segmento operacional agrupado com 2 viagens reais.
448,,13,13,,,,4,pullback,Recolhimento,driver,14:34,14:44,10,2,2,,0,False,False,False,False,False,False,True,False,,,Motorista real não disponível; usando identificador da duty
448,,13,13,,,,5,duty_end,Fim de jornada,driver,14:44,14:44,0,2,2,,0,False,False,False,False,False,False,False,False,,,Motorista real não disponível; usando identificador da duty
448,,14,14,,,,1,duty_start,Início de jornada,driver,11:11,11:11,0,1,1,,0,False,False,False,False,False,False,False,False,,,Motorista real não disponível; usando identificador da duty
448,7,14,14,7,,,2,commercial_trip_bundle,Viagem agrupada,driver_vehicle,11:11,11:33,22,1,1,5550;5552,2,True,True,False,False,False,False,False,False,,,Segmento operacional agrupado com 2 viagens reais.
448,7,14,14,,7,4,3,driver_vehicle_change,Troca de veículo,driver,11:33,11:33,0,1,1,,0,False,False,False,False,False,False,False,False,,,Motorista troca de veículo entre blocos distintos da mesma jornada.
448,7,14,14,,7,4,4,driver_vehicle_change,Troca de veículo,driver,11:33,11:33,0,1,1,,0,False,False,False,False,False,False,False,False,,,Motorista troca de veículo entre blocos distintos da mesma jornada.
448,7,14,14,,7,4,5,normal_break,Intervalo normal,driver,11:33,14:15,162,1,1,,0,False,False,False,True,False,False,False,False,,,Motorista real não disponível; usando identificador da duty
448,4,14,14,4,,,6,commercial_trip_bundle,Viagem agrupada,driver_vehicle,14:15,15:24,69,1,1,5602;5610,2,True,True,False,False,False,False,False,False,,,Segmento operacional agrupado com 2 viagens reais.
448,4,14,14,,4,12,7,driver_vehicle_change,Troca de veículo,driver,15:24,15:24,0,1,1,,0,False,False,False,False,False,False,False,False,,,Motorista troca de veículo entre blocos distintos da mesma jornada.
448,4,14,14,,4,12,8,driver_vehicle_change,Troca de veículo,driver,15:24,15:24,0,1,1,,0,False,False,False,False,False,False,False,False,,,Motorista troca de veículo entre blocos distintos da mesma jornada.
448,4,14,14,,4,12,9,normal_break,Intervalo normal,driver,15:24,15:50,26,1,1,,0,False,False,False,True,False,False,False,False,,,Motorista real não disponível; usando identificador da duty
448,12,14,14,12,,,10,commercial_trip_bundle,Viagem agrupada,driver_vehicle,15:50,16:18,28,1,1,5620;5624,2,True,True,False,False,False,False,False,False,,,Segmento operacional agrupado com 2 viagens reais.
448,12,14,14,,12,10,11,driver_vehicle_change,Troca de veículo,driver,16:18,16:18,0,1,1,,0,False,False,False,False,False,False,False,False,,,Motorista troca de veículo entre blocos distintos da mesma jornada.
448,12,14,14,,12,10,12,driver_vehicle_change,Troca de veículo,driver,16:18,16:18,0,1,1,,0,False,False,False,False,False,False,False,False,,,Motorista troca de veículo entre blocos distintos da mesma jornada.
448,12,14,14,,12,10,13,normal_break,Intervalo normal,driver,16:18,16:40,22,1,1,,0,False,False,False,True,False,False,False,False,,,Motorista real não disponível; usando identificador da duty
448,10,14,14,10,,,14,commercial_trip_bundle,Viagem agrupada,driver_vehicle,16:40,17:09,29,1,1,5633;5637,2,True,True,False,False,False,False,False,False,,,Segmento operacional agrupado com 2 viagens reais.
448,10,14,14,,10,6,15,driver_vehicle_change,Troca de veículo,driver,17:09,17:09,0,1,1,,0,False,False,False,False,False,False,False,False,,,Motorista troca de veículo entre blocos distintos da mesma jornada.
448,10,14,14,,10,6,16,driver_vehicle_change,Troca de veículo,driver,17:09,17:09,0,1,1,,0,False,False,False,False,False,False,False,False,,,Motorista troca de veículo entre blocos distintos da mesma jornada.
448,10,14,14,,10,6,17,normal_break,Intervalo normal,driver,17:09,17:21,12,1,1,,0,False,False,False,True,False,False,False,False,,,Motorista real não disponível; usando identificador da duty
448,6,14,14,6,,,18,commercial_trip_bundle,Viagem agrupada,driver_vehicle,17:21,17:45,24,1,1,5642;5646,2,True,True,False,False,False,False,False,False,,,Segmento operacional agrupado com 2 viagens reais.
448,6,14,14,,6,7,19,driver_vehicle_change,Troca de veículo,driver,17:45,17:45,0,1,1,,0,False,False,False,False,False,False,False,False,,,Motorista troca de veículo entre blocos distintos da mesma jornada.
448,6,14,14,,6,7,20,driver_vehicle_change,Troca de veículo,driver,17:45,17:45,0,1,1,,0,False,False,False,False,False,False,False,False,,,Motorista troca de veículo entre blocos distintos da mesma jornada.
448,6,14,14,,6,7,21,normal_break,Intervalo normal,driver,17:45,18:00,15,1,1,,0,False,False,False,True,False,False,False,False,,,Motorista real não disponível; usando identificador da duty
448,7,14,14,7,,,22,commercial_trip_bundle,Viagem agrupada,driver_vehicle,18:00,19:20,80,1,1,5667;5677,2,True,True,False,False,False,False,False,False,,,Segmento operacional agrupado com 2 viagens reais.
448,7,14,14,,7,4,23,driver_vehicle_change,Troca de veículo,driver,19:20,19:20,0,1,1,,0,False,False,False,False,False,False,False,False,,,Motorista troca de veículo entre blocos distintos da mesma jornada.
448,7,14,14,,7,4,24,driver_vehicle_change,Troca de veículo,driver,19:20,19:20,0,1,1,,0,False,False,False,False,False,False,False,False,,,Motorista troca de veículo entre blocos distintos da mesma jornada.
448,7,14,14,,7,4,25,mandatory_rest,Descanso obrigatório,driver,19:20,20:00,40,1,1,,0,False,False,False,False,True,False,False,True,,,Motorista real não disponível; usando identificador da duty
448,4,14,14,4,,,26,commercial_trip_bundle,Viagem agrupada,driver_vehicle,20:00,20:25,25,1,1,5694;5698,2,True,True,False,False,False,False,False,False,,,Segmento operacional agrupado com 2 viagens reais.
448,,14,14,,,,27,duty_end,Fim de jornada,driver,20:25,20:25,0,1,1,,0,False,False,False,False,False,False,False,False,,,Motorista real não disponível; usando identificador da duty
448,,15,15,,,,1,duty_start,Início de jornada,driver,13:35,13:35,0,1,1,,0,False,False,False,False,False,False,False,False,,,Motorista real não disponível; usando identificador da duty
448,5,15,15,5,,,2,commercial_trip_bundle,Viagem agrupada,driver_vehicle,13:35,13:56,21,1,1,5586;5588,2,True,True,False,False,False,False,False,False,,,Segmento operacional agrupado com 2 viagens reais.
448,5,15,15,,5,7,3,driver_vehicle_change,Troca de veículo,driver,13:56,13:56,0,1,1,,0,False,False,False,False,False,False,False,False,,,Motorista troca de veículo entre blocos distintos da mesma jornada.
448,5,15,15,,5,7,4,driver_vehicle_change,Troca de veículo,driver,13:56,13:56,0,1,1,,0,False,False,False,False,False,False,False,False,,,Motorista troca de veículo entre blocos distintos da mesma jornada.
448,5,15,15,,5,7,5,normal_break,Intervalo normal,driver,13:56,14:40,44,1,1,,0,False,False,False,True,False,False,False,False,,,Motorista real não disponível; usando identificador da duty
448,7,15,15,7,,,6,commercial_trip_bundle,Viagem agrupada,driver_vehicle,14:40,15:49,69,1,1,5608;5616,2,True,True,False,False,False,False,False,False,,,Segmento operacional agrupado com 2 viagens reais.
448,7,15,15,,7,5,7,driver_vehicle_change,Troca de veículo,driver,15:49,15:49,0,1,1,,0,False,False,False,False,False,False,False,False,,,Motorista troca de veículo entre blocos distintos da mesma jornada.
448,7,15,15,,7,5,8,driver_vehicle_change,Troca de veículo,driver,15:49,15:49,0,1,1,,0,False,False,False,False,False,False,False,False,,,Motorista troca de veículo entre blocos distintos da mesma jornada.
448,7,15,15,,7,5,9,normal_break,Intervalo normal,driver,15:49,16:09,20,1,1,,0,False,False,False,True,False,False,False,False,,,Motorista real não disponível; usando identificador da duty
448,5,15,15,5,,,10,commercial_trip_bundle,Viagem agrupada,driver_vehicle,16:09,16:31,22,1,1,5625;5626,2,True,True,False,False,False,False,False,False,,,Segmento operacional agrupado com 2 viagens reais.
448,5,15,15,,5,5,11,normal_break,Intervalo normal,driver,16:31,16:45,14,1,1,,0,False,False,False,True,False,False,False,False,,,Motorista real não disponível; usando identificador da duty
448,5,15,15,5,,,12,commercial_trip_bundle,Viagem agrupada,driver_vehicle,16:45,18:09,84,1,1,5644;5652,2,True,True,False,False,False,False,False,False,,,Segmento operacional agrupado com 2 viagens reais.
448,5,15,15,,5,8,13,driver_vehicle_change,Troca de veículo,driver,18:09,18:09,0,1,1,,0,False,False,False,False,False,False,False,False,,,Motorista troca de veículo entre blocos distintos da mesma jornada.
448,5,15,15,,5,8,14,driver_vehicle_change,Troca de veículo,driver,18:09,18:09,0,1,1,,0,False,False,False,False,False,False,False,False,,,Motorista troca de veículo entre blocos distintos da mesma jornada.
448,5,15,15,,5,8,15,normal_break,Intervalo normal,driver,18:09,18:25,16,1,1,,0,False,False,False,True,False,False,False,False,,,Motorista real não disponível; usando identificador da duty
448,8,15,15,8,,,16,commercial_trip_bundle,Viagem agrupada,driver_vehicle,18:25,18:55,30,1,1,5665;5668,2,True,True,False,False,False,False,False,False,,,Segmento operacional agrupado com 2 viagens reais.
448,8,15,15,,8,8,17,normal_break,Intervalo normal,driver,18:55,19:09,14,1,1,,0,False,False,False,True,False,False,False,False,,,Motorista real não disponível; usando identificador da duty
448,8,15,15,8,,,18,commercial_trip_bundle,Viagem agrupada,driver_vehicle,19:09,19:29,20,1,1,5678;5680,2,True,True,False,False,False,False,False,False,,,Segmento operacional agrupado com 2 viagens reais.
448,8,15,15,,8,11,19,driver_vehicle_change,Troca de veículo,driver,19:29,19:29,0,1,1,,0,False,False,False,False,False,False,False,False,,,Motorista troca de veículo entre blocos distintos da mesma jornada.
448,8,15,15,,8,11,20,driver_vehicle_change,Troca de veículo,driver,19:29,19:29,0,1,1,,0,False,False,False,False,False,False,False,False,,,Motorista troca de veículo entre blocos distintos da mesma jornada.
448,8,15,15,,8,11,21,mandatory_rest,Descanso obrigatório,driver,19:29,20:30,61,1,1,,0,False,False,False,False,True,False,False,True,,,Motorista real não disponível; usando identificador da duty
448,11,15,15,11,,,22,commercial_trip_bundle,Viagem agrupada,driver_vehicle,20:30,20:47,17,1,1,5700;5702,2,True,True,False,False,False,False,False,False,,,Segmento operacional agrupado com 2 viagens reais.
448,,15,15,,,,23,pullback,Recolhimento,driver,20:47,20:57,10,1,1,,0,False,False,False,False,False,False,True,False,,,Motorista real não disponível; usando identificador da duty
448,,15,15,,,,24,duty_end,Fim de jornada,driver,20:57,20:57,0,1,1,,0,False,False,False,False,False,False,False,False,,,Motorista real não disponível; usando identificador da duty
448,,16,16,,,,1,duty_start,Início de jornada,driver,15:00,15:00,0,1,1,,0,False,False,False,False,False,False,False,False,,,Motorista real não disponível; usando identificador da duty
448,1,16,16,1,,,2,commercial_trip_bundle,Viagem agrupada,driver_vehicle,15:00,15:27,27,1,1,5607;5611,2,True,True,False,False,False,False,False,False,,,Segmento operacional agrupado com 2 viagens reais.
448,1,16,16,,1,8,3,driver_vehicle_change,Troca de veículo,driver,15:27,15:27,0,1,1,,0,False,False,False,False,False,False,False,False,,,Motorista troca de veículo entre blocos distintos da mesma jornada.
448,1,16,16,,1,8,4,driver_vehicle_change,Troca de veículo,driver,15:27,15:27,0,1,1,,0,False,False,False,False,False,False,False,False,,,Motorista troca de veículo entre blocos distintos da mesma jornada.
448,1,16,16,,1,8,5,normal_break,Intervalo normal,driver,15:27,15:51,24,1,1,,0,False,False,False,True,False,False,False,False,,,Motorista real não disponível; usando identificador da duty
448,8,16,16,8,,,6,commercial_trip_bundle,Viagem agrupada,driver_vehicle,15:51,16:11,20,1,1,5619;5621,2,True,True,False,False,False,False,False,False,,,Segmento operacional agrupado com 2 viagens reais.
448,8,16,16,,8,6,7,driver_vehicle_change,Troca de veículo,driver,16:11,16:11,0,1,1,,0,False,False,False,False,False,False,False,False,,,Motorista troca de veículo entre blocos distintos da mesma jornada.
448,8,16,16,,8,6,8,driver_vehicle_change,Troca de veículo,driver,16:11,16:11,0,1,1,,0,False,False,False,False,False,False,False,False,,,Motorista troca de veículo entre blocos distintos da mesma jornada.
448,8,16,16,,8,6,9,normal_break,Intervalo normal,driver,16:11,16:45,34,1,1,,0,False,False,False,True,False,False,False,False,,,Motorista real não disponível; usando identificador da duty
448,6,16,16,6,,,10,commercial_trip_bundle,Viagem agrupada,driver_vehicle,16:45,17:07,22,1,1,5634;5636,2,True,True,False,False,False,False,False,False,,,Segmento operacional agrupado com 2 viagens reais.
448,6,16,16,,6,1,11,driver_vehicle_change,Troca de veículo,driver,17:07,17:07,0,1,1,,0,False,False,False,False,False,False,False,False,,,Motorista troca de veículo entre blocos distintos da mesma jornada.
448,6,16,16,,6,1,12,driver_vehicle_change,Troca de veículo,driver,17:07,17:07,0,1,1,,0,False,False,False,False,False,False,False,False,,,Motorista troca de veículo entre blocos distintos da mesma jornada.
448,6,16,16,,6,1,13,normal_break,Intervalo normal,driver,17:07,17:35,28,1,1,,0,False,False,False,True,False,False,False,False,,,Motorista real não disponível; usando identificador da duty
448,1,16,16,1,,,14,commercial_trip_bundle,Viagem agrupada,driver_vehicle,17:35,19:00,85,1,1,5661;5671,2,True,True,False,False,False,False,False,False,,,Segmento operacional agrupado com 2 viagens reais.
448,1,16,16,,1,3,15,driver_vehicle_change,Troca de veículo,driver,19:00,19:00,0,1,1,,0,False,False,False,False,False,False,False,False,,,Motorista troca de veículo entre blocos distintos da mesma jornada.
448,1,16,16,,1,3,16,driver_vehicle_change,Troca de veículo,driver,19:00,19:00,0,1,1,,0,False,False,False,False,False,False,False,False,,,Motorista troca de veículo entre blocos distintos da mesma jornada.
448,1,16,16,,1,3,17,normal_break,Intervalo normal,driver,19:00,19:15,15,1,1,,0,False,False,False,True,False,False,False,False,,,Motorista real não disponível; usando identificador da duty
448,3,16,16,3,,,18,commercial_trip_bundle,Viagem agrupada,driver_vehicle,19:15,20:24,69,1,1,5689;5696,2,True,True,False,False,False,False,False,False,,,Segmento operacional agrupado com 2 viagens reais.
448,3,16,16,,3,10,19,driver_vehicle_change,Troca de veículo,driver,20:24,20:24,0,1,1,,0,False,False,False,False,False,False,False,False,,,Motorista troca de veículo entre blocos distintos da mesma jornada.
448,3,16,16,,3,10,20,driver_vehicle_change,Troca de veículo,driver,20:24,20:24,0,1,1,,0,False,False,False,False,False,False,False,False,,,Motorista troca de veículo entre blocos distintos da mesma jornada.
448,3,16,16,,3,10,21,normal_break,Intervalo normal,driver,20:24,20:50,26,1,1,,0,False,False,False,True,False,False,False,False,,,Motorista real não disponível; usando identificador da duty
448,10,16,16,10,,,22,commercial_trip_bundle,Viagem agrupada,driver_vehicle,20:50,21:28,38,1,1,5705;5708,2,True,True,False,False,False,False,False,False,,,Segmento operacional agrupado com 2 viagens reais.
448,10,16,16,,10,3,23,driver_vehicle_change,Troca de veículo,driver,21:28,21:28,0,1,1,,0,False,False,False,False,False,False,False,False,,,Motorista troca de veículo entre blocos distintos da mesma jornada.
448,10,16,16,,10,3,24,driver_vehicle_change,Troca de veículo,driver,21:28,21:28,0,1,1,,0,False,False,False,False,False,False,False,False,,,Motorista troca de veículo entre blocos distintos da mesma jornada.
448,10,16,16,,10,3,25,mandatory_rest,Descanso obrigatório,driver,21:28,22:25,57,1,1,,0,False,False,False,False,True,False,False,True,,,Motorista real não disponível; usando identificador da duty
448,3,16,16,3,,,26,commercial_trip_bundle,Viagem agrupada,driver_vehicle,22:25,23:15,50,1,1,5715;5717,2,True,True,False,False,False,False,False,False,,,Segmento operacional agrupado com 2 viagens reais.
448,,16,16,,,,27,duty_end,Fim de jornada,driver,23:15,23:15,0,1,1,,0,False,False,False,False,False,False,False,False,,,Motorista real não disponível; usando identificador da duty
448,,17,17,,,,1,duty_start,Início de jornada,driver,15:05,15:05,0,1,1,,0,False,False,False,False,False,False,False,False,,,Motorista real não disponível; usando identificador da duty
448,10,17,17,10,,,2,commercial_trip_bundle,Viagem agrupada,driver_vehicle,15:05,16:17,72,1,1,5615;5623,2,True,True,False,False,False,False,False,False,,,Segmento operacional agrupado com 2 viagens reais.
448,10,17,17,,10,8,3,driver_vehicle_change,Troca de veículo,driver,16:17,16:17,0,1,1,,0,False,False,False,False,False,False,False,False,,,Motorista troca de veículo entre blocos distintos da mesma jornada.
448,10,17,17,,10,8,4,driver_vehicle_change,Troca de veículo,driver,16:17,16:17,0,1,1,,0,False,False,False,False,False,False,False,False,,,Motorista troca de veículo entre blocos distintos da mesma jornada.
448,10,17,17,,10,8,5,normal_break,Intervalo normal,driver,16:17,16:27,10,1,1,,0,False,False,False,True,False,False,False,False,,,Motorista real não disponível; usando identificador da duty
448,8,17,17,8,,,6,commercial_trip_bundle,Viagem agrupada,driver_vehicle,16:27,16:49,22,1,1,5629;5632,2,True,True,False,False,False,False,False,False,,,Segmento operacional agrupado com 2 viagens reais.
448,8,17,17,,8,7,7,driver_vehicle_change,Troca de veículo,driver,16:49,16:49,0,1,1,,0,False,False,False,False,False,False,False,False,,,Motorista troca de veículo entre blocos distintos da mesma jornada.
448,8,17,17,,8,7,8,driver_vehicle_change,Troca de veículo,driver,16:49,16:49,0,1,1,,0,False,False,False,False,False,False,False,False,,,Motorista troca de veículo entre blocos distintos da mesma jornada.
448,8,17,17,,8,7,9,normal_break,Intervalo normal,driver,16:49,17:05,16,1,1,,0,False,False,False,True,False,False,False,False,,,Motorista real não disponível; usando identificador da duty
448,7,17,17,7,,,10,commercial_trip_bundle,Viagem agrupada,driver_vehicle,17:05,17:37,32,1,1,5640;5643,2,True,True,False,False,False,False,False,False,,,Segmento operacional agrupado com 2 viagens reais.
448,7,17,17,,7,6,11,driver_vehicle_change,Troca de veículo,driver,17:37,17:37,0,1,1,,0,False,False,False,False,False,False,False,False,,,Motorista troca de veículo entre blocos distintos da mesma jornada.
448,7,17,17,,7,6,12,driver_vehicle_change,Troca de veículo,driver,17:37,17:37,0,1,1,,0,False,False,False,False,False,False,False,False,,,Motorista troca de veículo entre blocos distintos da mesma jornada.
448,7,17,17,,7,6,13,normal_break,Intervalo normal,driver,17:37,17:55,18,1,1,,0,False,False,False,True,False,False,False,False,,,Motorista real não disponível; usando identificador da duty
448,6,17,17,6,,,14,commercial_trip_bundle,Viagem agrupada,driver_vehicle,17:55,18:26,31,1,1,5656;5658,2,True,True,False,False,False,False,False,False,,,Segmento operacional agrupado com 2 viagens reais.
448,6,17,17,,6,4,15,driver_vehicle_change,Troca de veículo,driver,18:26,18:26,0,1,1,,0,False,False,False,False,False,False,False,False,,,Motorista troca de veículo entre blocos distintos da mesma jornada.
448,6,17,17,,6,4,16,driver_vehicle_change,Troca de veículo,driver,18:26,18:26,0,1,1,,0,False,False,False,False,False,False,False,False,,,Motorista troca de veículo entre blocos distintos da mesma jornada.
448,6,17,17,,6,4,17,normal_break,Intervalo normal,driver,18:26,19:27,61,1,1,,0,False,False,False,True,False,False,False,False,,,Motorista real não disponível; usando identificador da duty
448,4,17,17,4,,,18,commercial_trip_bundle,Viagem agrupada,driver_vehicle,19:27,19:47,20,1,1,5682;5685,2,True,True,False,False,False,False,False,False,,,Segmento operacional agrupado com 2 viagens reais.
448,4,17,17,,4,1,19,driver_vehicle_change,Troca de veículo,driver,19:47,19:47,0,1,1,,0,False,False,False,False,False,False,False,False,,,Motorista troca de veículo entre blocos distintos da mesma jornada.
448,4,17,17,,4,1,20,driver_vehicle_change,Troca de veículo,driver,19:47,19:47,0,1,1,,0,False,False,False,False,False,False,False,False,,,Motorista troca de veículo entre blocos distintos da mesma jornada.
448,4,17,17,,4,1,21,normal_break,Intervalo normal,driver,19:47,21:35,108,1,1,,0,False,False,False,True,False,False,False,False,,,Motorista real não disponível; usando identificador da duty
448,1,17,17,1,,,22,commercial_trip_bundle,Viagem agrupada,driver_vehicle,21:35,22:13,38,1,1,5710;5712,2,True,True,False,False,False,False,False,False,,,Segmento operacional agrupado com 2 viagens reais.
448,,17,17,,,,23,pullback,Recolhimento,driver,22:13,22:23,10,1,1,,0,False,False,False,False,False,False,True,False,,,Motorista real não disponível; usando identificador da duty
448,,17,17,,,,24,duty_end,Fim de jornada,driver,22:23,22:23,0,1,1,,0,False,False,False,False,False,False,False,False,,,Motorista real não disponível; usando identificador da duty
448,,18,18,,,,1,duty_start,Início de jornada,driver,15:30,15:30,0,1,1,,0,False,False,False,False,False,False,False,False,,,Motorista real não disponível; usando identificador da duty
448,11,18,18,11,,,2,commercial_trip_bundle,Viagem agrupada,driver_vehicle,15:30,16:42,72,1,1,5622;5630,2,True,True,False,False,False,False,False,False,,,Segmento operacional agrupado com 2 viagens reais.
448,11,18,18,,11,11,3,normal_break,Intervalo normal,driver,16:42,17:03,21,1,1,,0,False,False,False,True,False,False,False,False,,,Motorista real não disponível; usando identificador da duty
448,11,18,18,11,,,4,commercial_trip_bundle,Viagem agrupada,driver_vehicle,17:03,17:27,24,1,1,5639;5641,2,True,True,False,False,False,False,False,False,,,Segmento operacional agrupado com 2 viagens reais.
448,11,18,18,,11,11,5,normal_break,Intervalo normal,driver,17:27,17:39,12,1,1,,0,False,False,False,True,False,False,False,False,,,Motorista real não disponível; usando identificador da duty
448,11,18,18,11,,,6,commercial_trip_bundle,Viagem agrupada,driver_vehicle,17:39,18:03,24,1,1,5648;5651,2,True,True,False,False,False,False,False,False,,,Segmento operacional agrupado com 2 viagens reais.
448,11,18,18,,11,11,7,normal_break,Intervalo normal,driver,18:03,18:15,12,1,1,,0,False,False,False,True,False,False,False,False,,,Motorista real não disponível; usando identificador da duty
448,11,18,18,11,,,8,commercial_trip_bundle,Viagem agrupada,driver_vehicle,18:15,18:37,22,1,1,5660;5662,2,True,True,False,False,False,False,False,False,,,Segmento operacional agrupado com 2 viagens reais.
448,11,18,18,,11,4,9,driver_vehicle_change,Troca de veículo,driver,18:37,18:37,0,1,1,,0,False,False,False,False,False,False,False,False,,,Motorista troca de veículo entre blocos distintos da mesma jornada.
448,11,18,18,,11,4,10,driver_vehicle_change,Troca de veículo,driver,18:37,18:37,0,1,1,,0,False,False,False,False,False,False,False,False,,,Motorista troca de veículo entre blocos distintos da mesma jornada.
448,11,18,18,,11,4,11,normal_break,Intervalo normal,driver,18:37,18:51,14,1,1,,0,False,False,False,True,False,False,False,False,,,Motorista real não disponível; usando identificador da duty
448,4,18,18,4,,,12,commercial_trip_bundle,Viagem agrupada,driver_vehicle,18:51,19:13,22,1,1,5672;5674,2,True,True,False,False,False,False,False,False,,,Segmento operacional agrupado com 2 viagens reais.
448,4,18,18,,4,8,13,driver_vehicle_change,Troca de veículo,driver,19:13,19:13,0,1,1,,0,False,False,False,False,False,False,False,False,,,Motorista troca de veículo entre blocos distintos da mesma jornada.
448,4,18,18,,4,8,14,driver_vehicle_change,Troca de veículo,driver,19:13,19:13,0,1,1,,0,False,False,False,False,False,False,False,False,,,Motorista troca de veículo entre blocos distintos da mesma jornada.
448,4,18,18,,4,8,15,normal_break,Intervalo normal,driver,19:13,19:40,27,1,1,,0,False,False,False,True,False,False,False,False,,,Motorista real não disponível; usando identificador da duty
448,8,18,18,8,,,16,commercial_trip_bundle,Viagem agrupada,driver_vehicle,19:40,20:49,69,1,1,5697;5703,2,True,True,False,False,False,False,False,False,,,Segmento operacional agrupado com 2 viagens reais.
448,,18,18,,,,17,pullback,Recolhimento,driver,20:49,20:59,10,1,1,,0,False,False,False,False,False,False,True,False,,,Motorista real não disponível; usando identificador da duty
448,,18,18,,,,18,duty_end,Fim de jornada,driver,20:59,20:59,0,1,1,,0,False,False,False,False,False,False,False,False,,,Motorista real não disponível; usando identificador da duty
448,,19,19,,,,1,duty_start,Início de jornada,driver,15:31,15:31,0,1,1,,0,False,False,False,False,False,False,False,False,,,Motorista real não disponível; usando identificador da duty
448,5,19,19,5,,,2,commercial_trip_bundle,Viagem agrupada,driver_vehicle,15:31,15:51,20,1,1,5614;5617,2,True,True,False,False,False,False,False,False,,,Segmento operacional agrupado com 2 viagens reais.
448,5,19,19,,5,7,3,driver_vehicle_change,Troca de veículo,driver,15:51,15:51,0,1,1,,0,False,False,False,False,False,False,False,False,,,Motorista troca de veículo entre blocos distintos da mesma jornada.
448,5,19,19,,5,7,4,driver_vehicle_change,Troca de veículo,driver,15:51,15:51,0,1,1,,0,False,False,False,False,False,False,False,False,,,Motorista troca de veículo entre blocos distintos da mesma jornada.
448,5,19,19,,5,7,5,normal_break,Intervalo normal,driver,15:51,16:15,24,1,1,,0,False,False,False,True,False,False,False,False,,,Motorista real não disponível; usando identificador da duty
448,7,19,19,7,,,6,commercial_trip_bundle,Viagem agrupada,driver_vehicle,16:15,16:44,29,1,1,5627;5631,2,True,True,False,False,False,False,False,False,,,Segmento operacional agrupado com 2 viagens reais.
448,7,19,19,,7,12,7,driver_vehicle_change,Troca de veículo,driver,16:44,16:44,0,1,1,,0,False,False,False,False,False,False,False,False,,,Motorista troca de veículo entre blocos distintos da mesma jornada.
448,7,19,19,,7,12,8,driver_vehicle_change,Troca de veículo,driver,16:44,16:44,0,1,1,,0,False,False,False,False,False,False,False,False,,,Motorista troca de veículo entre blocos distintos da mesma jornada.
448,7,19,19,,7,12,9,normal_break,Intervalo normal,driver,16:44,17:10,26,1,1,,0,False,False,False,True,False,False,False,False,,,Motorista real não disponível; usando identificador da duty
448,12,19,19,12,,,10,commercial_trip_bundle,Viagem agrupada,driver_vehicle,17:10,18:44,94,1,1,5655;5664,2,True,True,False,False,False,False,False,False,,,Segmento operacional agrupado com 2 viagens reais.
448,12,19,19,,12,12,11,normal_break,Intervalo normal,driver,18:44,19:00,16,1,1,,0,False,False,False,True,False,False,False,False,,,Motorista real não disponível; usando identificador da duty
448,12,19,19,12,,,12,commercial_trip_bundle,Viagem agrupada,driver_vehicle,19:00,19:28,28,1,1,5676;5679,2,True,True,False,False,False,False,False,False,,,Segmento operacional agrupado com 2 viagens reais.
448,12,19,19,,12,7,13,driver_vehicle_change,Troca de veículo,driver,19:28,19:28,0,1,1,,0,False,False,False,False,False,False,False,False,,,Motorista troca de veículo entre blocos distintos da mesma jornada.
448,12,19,19,,12,7,14,driver_vehicle_change,Troca de veículo,driver,19:28,19:28,0,1,1,,0,False,False,False,False,False,False,False,False,,,Motorista troca de veículo entre blocos distintos da mesma jornada.
448,12,19,19,,12,7,15,normal_break,Intervalo normal,driver,19:28,19:40,12,1,1,,0,False,False,False,True,False,False,False,False,,,Motorista real não disponível; usando identificador da duty
448,7,19,19,7,,,16,commercial_trip_bundle,Viagem agrupada,driver_vehicle,19:40,20:08,28,1,1,5688;5692,2,True,True,False,False,False,False,False,False,,,Segmento operacional agrupado com 2 viagens reais.
448,7,19,19,,7,6,17,driver_vehicle_change,Troca de veículo,driver,20:08,20:08,0,1,1,,0,False,False,False,False,False,False,False,False,,,Motorista troca de veículo entre blocos distintos da mesma jornada.
448,7,19,19,,7,6,18,driver_vehicle_change,Troca de veículo,driver,20:08,20:08,0,1,1,,0,False,False,False,False,False,False,False,False,,,Motorista troca de veículo entre blocos distintos da mesma jornada.
448,7,19,19,,7,6,19,normal_break,Intervalo normal,driver,20:08,20:40,32,1,1,,0,False,False,False,True,False,False,False,False,,,Motorista real não disponível; usando identificador da duty
448,6,19,19,6,,,20,commercial_trip_bundle,Viagem agrupada,driver_vehicle,20:40,21:45,65,1,1,5707;5709,2,True,True,False,False,False,False,False,False,,,Segmento operacional agrupado com 2 viagens reais.
448,6,19,19,,6,5,21,driver_vehicle_change,Troca de veículo,driver,21:45,21:45,0,1,1,,0,False,False,False,False,False,False,False,False,,,Motorista troca de veículo entre blocos distintos da mesma jornada.
448,6,19,19,,6,5,22,driver_vehicle_change,Troca de veículo,driver,21:45,21:45,0,1,1,,0,False,False,False,False,False,False,False,False,,,Motorista troca de veículo entre blocos distintos da mesma jornada.
448,6,19,19,,6,5,23,mandatory_rest,Descanso obrigatório,driver,21:45,23:05,80,1,1,,0,False,False,False,False,True,False,False,True,,,Motorista real não disponível; usando identificador da duty
448,5,19,19,5,,,24,commercial_trip_bundle,Viagem agrupada,driver_vehicle,23:05,23:43,38,1,1,5718;5719,2,True,True,False,False,False,False,False,False,,,Segmento operacional agrupado com 2 viagens reais.
448,,19,19,,,,25,duty_end,Fim de jornada,driver,23:43,23:43,0,1,1,,0,False,False,False,False,False,False,False,False,,,Motorista real não disponível; usando identificador da duty
448,,20,20,,,,1,duty_start,Início de jornada,driver,15:55,15:55,0,1,1,,0,False,False,False,False,False,False,False,False,,,Motorista real não disponível; usando identificador da duty
448,1,20,20,1,,,2,commercial_trip_bundle,Viagem agrupada,driver_vehicle,15:55,17:07,72,1,1,5628;5635,2,True,True,False,False,False,False,False,False,,,Segmento operacional agrupado com 2 viagens reais.
448,1,20,20,,1,10,3,driver_vehicle_change,Troca de veículo,driver,17:07,17:07,0,1,1,,0,False,False,False,False,False,False,False,False,,,Motorista troca de veículo entre blocos distintos da mesma jornada.
448,1,20,20,,1,10,4,driver_vehicle_change,Troca de veículo,driver,17:07,17:07,0,1,1,,0,False,False,False,False,False,False,False,False,,,Motorista troca de veículo entre blocos distintos da mesma jornada.
448,1,20,20,,1,10,5,normal_break,Intervalo normal,driver,17:07,17:25,18,1,1,,0,False,False,False,True,False,False,False,False,,,Motorista real não disponível; usando identificador da duty
448,10,20,20,10,,,6,commercial_trip_bundle,Viagem agrupada,driver_vehicle,17:25,17:57,32,1,1,5645;5649,2,True,True,False,False,False,False,False,False,,,Segmento operacional agrupado com 2 viagens reais.
448,10,20,20,,10,10,7,normal_break,Intervalo normal,driver,17:57,18:10,13,1,1,,0,False,False,False,True,False,False,False,False,,,Motorista real não disponível; usando identificador da duty
448,10,20,20,10,,,8,commercial_trip_bundle,Viagem agrupada,driver_vehicle,18:10,18:40,30,1,1,5659;5663,2,True,True,False,False,False,False,False,False,,,Segmento operacional agrupado com 2 viagens reais.
448,10,20,20,,10,10,9,normal_break,Intervalo normal,driver,18:40,18:50,10,1,1,,0,False,False,False,True,False,False,False,False,,,Motorista real não disponível; usando identificador da duty
448,10,20,20,10,,,10,commercial_trip_bundle,Viagem agrupada,driver_vehicle,18:50,20:07,77,1,1,5683;5691,2,True,True,False,False,False,False,False,False,,,Segmento operacional agrupado com 2 viagens reais.
448,10,20,20,,10,5,11,driver_vehicle_change,Troca de veículo,driver,20:07,20:07,0,1,1,,0,False,False,False,False,False,False,False,False,,,Motorista troca de veículo entre blocos distintos da mesma jornada.
448,10,20,20,,10,5,12,driver_vehicle_change,Troca de veículo,driver,20:07,20:07,0,1,1,,0,False,False,False,False,False,False,False,False,,,Motorista troca de veículo entre blocos distintos da mesma jornada.
448,10,20,20,,10,5,13,normal_break,Intervalo normal,driver,20:07,20:20,13,1,1,,0,False,False,False,True,False,False,False,False,,,Motorista real não disponível; usando identificador da duty
448,5,20,20,5,,,14,commercial_trip_bundle,Viagem agrupada,driver_vehicle,20:20,20:45,25,1,1,5699;5701,2,True,True,False,False,False,False,False,False,,,Segmento operacional agrupado com 2 viagens reais.
448,5,20,20,,5,4,15,driver_vehicle_change,Troca de veículo,driver,20:45,20:45,0,1,1,,0,False,False,False,False,False,False,False,False,,,Motorista troca de veículo entre blocos distintos da mesma jornada.
448,5,20,20,,5,4,16,driver_vehicle_change,Troca de veículo,driver,20:45,20:45,0,1,1,,0,False,False,False,False,False,False,False,False,,,Motorista troca de veículo entre blocos distintos da mesma jornada.
448,5,20,20,,5,4,17,normal_break,Intervalo normal,driver,20:45,21:30,45,1,1,,0,False,False,False,True,False,False,False,False,,,Motorista real não disponível; usando identificador da duty
448,4,20,20,4,,,18,commercial_trip_bundle,Viagem agrupada,driver_vehicle,21:30,22:25,55,1,1,5711;5713,2,True,True,False,False,False,False,False,False,,,Segmento operacional agrupado com 2 viagens reais.
448,4,20,20,,4,5,19,driver_vehicle_change,Troca de veículo,driver,22:25,22:25,0,1,1,,0,False,False,False,False,False,False,False,False,,,Motorista troca de veículo entre blocos distintos da mesma jornada.
448,4,20,20,,4,5,20,driver_vehicle_change,Troca de veículo,driver,22:25,22:25,0,1,1,,0,False,False,False,False,False,False,False,False,,,Motorista troca de veículo entre blocos distintos da mesma jornada.
448,4,20,20,,4,5,21,mandatory_rest,Descanso obrigatório,driver,22:25,24:05,100,1,1,,0,False,False,False,False,True,False,False,True,,,Motorista real não disponível; usando identificador da duty
448,5,20,20,5,,,22,commercial_trip_bundle,Viagem agrupada,driver_vehicle,24:05,24:43,38,1,1,5424;5425,2,True,True,False,False,False,False,False,False,,,Segmento operacional agrupado com 2 viagens reais.
448,,20,20,,,,23,pullback,Recolhimento,driver,24:43,24:53,10,1,1,,0,False,False,False,False,False,False,True,False,,,Motorista real não disponível; usando identificador da duty
448,,20,20,,,,24,duty_end,Fim de jornada,driver,24:53,24:53,0,1,1,,0,False,False,False,False,False,False,False,False,,,Motorista real não disponível; usando identificador da duty
448,,21,21,,,,1,duty_start,Início de jornada,driver,15:11,15:11,0,1,1,,0,False,False,False,False,False,False,False,False,,,Motorista real não disponível; usando identificador da duty
448,12,21,21,12,,,2,commercial_trip_bundle,Viagem agrupada,driver_vehicle,15:11,15:31,20,1,1,5609;5612,2,True,True,False,False,False,False,False,False,,,Segmento operacional agrupado com 2 viagens reais.
448,12,21,21,,12,3,3,driver_vehicle_change,Troca de veículo,driver,15:31,15:31,0,1,1,,0,False,False,False,False,False,False,False,False,,,Motorista troca de veículo entre blocos distintos da mesma jornada.
448,12,21,21,,12,3,4,driver_vehicle_change,Troca de veículo,driver,15:31,15:31,0,1,1,,0,False,False,False,False,False,False,False,False,,,Motorista troca de veículo entre blocos distintos da mesma jornada.
448,12,21,21,,12,3,5,normal_break,Intervalo normal,driver,15:31,16:20,49,1,1,,0,False,False,False,True,False,False,False,False,,,Motorista real não disponível; usando identificador da duty
448,3,21,21,3,,,6,commercial_trip_bundle,Viagem agrupada,driver_vehicle,16:20,17:46,86,1,1,5638;5647,2,True,True,False,False,False,False,False,False,,,Segmento operacional agrupado com 2 viagens reais.
448,3,21,21,,3,3,7,normal_break,Intervalo normal,driver,17:46,17:57,11,1,1,,0,False,False,False,True,False,False,False,False,,,Motorista real não disponível; usando identificador da duty
448,3,21,21,3,,,8,commercial_trip_bundle,Viagem agrupada,driver_vehicle,17:57,18:20,23,1,1,5654;5657,2,True,True,False,False,False,False,False,False,,,Segmento operacional agrupado com 2 viagens reais.
448,3,21,21,,3,3,9,normal_break,Intervalo normal,driver,18:20,18:33,13,1,1,,0,False,False,False,True,False,False,False,False,,,Motorista real não disponível; usando identificador da duty
448,3,21,21,3,,,10,commercial_trip_bundle,Viagem agrupada,driver_vehicle,18:33,18:55,22,1,1,5666;5669,2,True,True,False,False,False,False,False,False,,,Segmento operacional agrupado com 2 viagens reais.
448,3,21,21,,3,6,11,driver_vehicle_change,Troca de veículo,driver,18:55,18:55,0,1,1,,0,False,False,False,False,False,False,False,False,,,Motorista troca de veículo entre blocos distintos da mesma jornada.
448,3,21,21,,3,6,12,driver_vehicle_change,Troca de veículo,driver,18:55,18:55,0,1,1,,0,False,False,False,False,False,False,False,False,,,Motorista troca de veículo entre blocos distintos da mesma jornada.
448,3,21,21,,3,6,13,normal_break,Intervalo normal,driver,18:55,19:20,25,1,1,,0,False,False,False,True,False,False,False,False,,,Motorista real não disponível; usando identificador da duty
448,6,21,21,6,,,14,commercial_trip_bundle,Viagem agrupada,driver_vehicle,19:20,19:48,28,1,1,5681;5686,2,True,True,False,False,False,False,False,False,,,Segmento operacional agrupado com 2 viagens reais.
448,6,21,21,,6,2,15,driver_vehicle_change,Troca de veículo,driver,19:48,19:48,0,1,1,,0,False,False,False,False,False,False,False,False,,,Motorista troca de veículo entre blocos distintos da mesma jornada.
448,6,21,21,,6,2,16,driver_vehicle_change,Troca de veículo,driver,19:48,19:48,0,1,1,,0,False,False,False,False,False,False,False,False,,,Motorista troca de veículo entre blocos distintos da mesma jornada.
448,6,21,21,,6,2,17,normal_break,Intervalo normal,driver,19:48,20:10,22,1,1,,0,False,False,False,True,False,False,False,False,,,Motorista real não disponível; usando identificador da duty
448,2,21,21,2,,,18,commercial_trip_bundle,Viagem agrupada,driver_vehicle,20:10,21:19,69,1,1,5704;5706,2,True,True,False,False,False,False,False,False,,,Segmento operacional agrupado com 2 viagens reais.
448,2,21,21,,2,7,19,driver_vehicle_change,Troca de veículo,driver,21:19,21:19,0,1,1,,0,False,False,False,False,False,False,False,False,,,Motorista troca de veículo entre blocos distintos da mesma jornada.
448,2,21,21,,2,7,20,driver_vehicle_change,Troca de veículo,driver,21:19,21:19,0,1,1,,0,False,False,False,False,False,False,False,False,,,Motorista troca de veículo entre blocos distintos da mesma jornada.
448,2,21,21,,2,7,21,mandatory_rest,Descanso obrigatório,driver,21:19,22:20,61,1,1,,0,False,False,False,False,True,False,False,True,,,Motorista real não disponível; usando identificador da duty
448,7,21,21,7,,,22,commercial_trip_bundle,Viagem agrupada,driver_vehicle,22:20,22:58,38,1,1,5714;5716,2,True,True,False,False,False,False,False,False,,,Segmento operacional agrupado com 2 viagens reais.
448,7,21,21,,7,3,23,driver_vehicle_change,Troca de veículo,driver,22:58,22:58,0,1,1,,0,False,False,False,False,False,False,False,False,,,Motorista troca de veículo entre blocos distintos da mesma jornada.
448,7,21,21,,7,3,24,driver_vehicle_change,Troca de veículo,driver,22:58,22:58,0,1,1,,0,False,False,False,False,False,False,False,False,,,Motorista troca de veículo entre blocos distintos da mesma jornada.
448,7,21,21,,7,3,25,normal_break,Intervalo normal,driver,22:58,23:25,27,1,1,,0,False,False,False,True,False,False,False,False,,,Motorista real não disponível; usando identificador da duty
448,3,21,21,3,,,26,commercial_trip_bundle,Viagem agrupada,driver_vehicle,23:25,24:09,44,1,1,5720;5423,2,True,True,False,False,False,False,False,False,,,Segmento operacional agrupado com 2 viagens reais.
448,,21,21,,,,27,pullback,Recolhimento,driver,24:09,24:19,10,1,1,,0,False,False,False,False,False,False,True,False,,,Motorista real não disponível; usando identificador da duty
448,,21,21,,,,28,duty_end,Fim de jornada,driver,24:19,24:19,0,1,1,,0,False,False,False,False,False,False,False,False,,,Motorista real não disponível; usando identificador da duty
448,,22,22,,,,1,duty_start,Início de jornada,driver,17:40,17:40,0,1,1,,0,False,False,False,False,False,False,False,False,,,Motorista real não disponível; usando identificador da duty
448,8,22,22,8,,,2,commercial_trip_bundle,Viagem agrupada,driver_vehicle,17:40,18:11,31,1,1,5650;5653,2,True,True,False,False,False,False,False,False,,,Segmento operacional agrupado com 2 viagens reais.
448,8,22,22,,8,5,3,driver_vehicle_change,Troca de veículo,driver,18:11,18:11,0,1,1,,0,False,False,False,False,False,False,False,False,,,Motorista troca de veículo entre blocos distintos da mesma jornada.
448,8,22,22,,8,5,4,driver_vehicle_change,Troca de veículo,driver,18:11,18:11,0,1,1,,0,False,False,False,False,False,False,False,False,,,Motorista troca de veículo entre blocos distintos da mesma jornada.
448,8,22,22,,8,5,5,normal_break,Intervalo normal,driver,18:11,18:25,14,1,1,,0,False,False,False,True,False,False,False,False,,,Motorista real não disponível; usando identificador da duty
448,5,22,22,5,,,6,commercial_trip_bundle,Viagem agrupada,driver_vehicle,18:25,19:45,80,1,1,5675;5684,2,True,True,False,False,False,False,False,False,,,Segmento operacional agrupado com 2 viagens reais.
448,5,22,22,,5,12,7,driver_vehicle_change,Troca de veículo,driver,19:45,19:45,0,1,1,,0,False,False,False,False,False,False,False,False,,,Motorista troca de veículo entre blocos distintos da mesma jornada.
448,5,22,22,,5,12,8,driver_vehicle_change,Troca de veículo,driver,19:45,19:45,0,1,1,,0,False,False,False,False,False,False,False,False,,,Motorista troca de veículo entre blocos distintos da mesma jornada.
448,5,22,22,,5,12,9,normal_break,Intervalo normal,driver,19:45,20:03,18,1,1,,0,False,False,False,True,False,False,False,False,,,Motorista real não disponível; usando identificador da duty
448,12,22,22,12,,,10,commercial_trip_bundle,Viagem agrupada,driver_vehicle,20:03,20:20,17,1,1,5693;5695,2,True,True,False,False,False,False,False,False,,,Segmento operacional agrupado com 2 viagens reais.
448,,22,22,,,,11,pullback,Recolhimento,driver,20:20,20:30,10,1,1,,0,False,False,False,False,False,False,True,False,,,Motorista real não disponível; usando identificador da duty
448,,22,22,,,,12,duty_end,Fim de jornada,driver,20:30,20:30,0,1,1,,0,False,False,False,False,False,False,False,False,,,Motorista real não disponível; usando identificador da duty
448,,23,23,,,,1,duty_start,Início de jornada,driver,18:40,18:40,0,1,1,,0,False,False,False,False,False,False,False,False,,,Motorista real não disponível; usando identificador da duty
448,2,23,23,2,,,2,commercial_trip_bundle,Viagem agrupada,driver_vehicle,18:40,19:09,29,1,1,5670;5673,2,True,True,False,False,False,False,False,False,,,Segmento operacional agrupado com 2 viagens reais.
448,2,23,23,,2,1,3,driver_vehicle_change,Troca de veículo,driver,19:09,19:09,0,1,1,,0,False,False,False,False,False,False,False,False,,,Motorista troca de veículo entre blocos distintos da mesma jornada.
448,2,23,23,,2,1,4,driver_vehicle_change,Troca de veículo,driver,19:09,19:09,0,1,1,,0,False,False,False,False,False,False,False,False,,,Motorista troca de veículo entre blocos distintos da mesma jornada.
448,2,23,23,,2,1,5,normal_break,Intervalo normal,driver,19:09,19:45,36,1,1,,0,False,False,False,True,False,False,False,False,,,Motorista real não disponível; usando identificador da duty
448,1,23,23,1,,,6,commercial_trip_bundle,Viagem agrupada,driver_vehicle,19:45,20:05,20,1,1,5687;5690,2,True,True,False,False,False,False,False,False,,,Segmento operacional agrupado com 2 viagens reais.
448,,23,23,,,,7,duty_end,Fim de jornada,driver,20:05,20:05,0,1,1,,0,False,False,False,False,False,False,False,False,,,Motorista real não disponível; usando identificador da duty
